timeframe,split,subset,time_slot,mean_abs_ret_bps,n_bars
M15,DISCOVERY,ALL,09:15,13.656687463732618,610
M15,DISCOVERY,ALL,09:30,14.61718270992531,610
M15,DISCOVERY,ALL,09:45,12.190679092827907,610
M15,DISCOVERY,ALL,10:00,20.623684798663934,610
M15,DISCOVERY,ALL,10:15,20.40941320593607,610
M15,DISCOVERY,ALL,10:30,24.189394726709807,610
M15,DISCOVERY,ALL,10:45,20.95556669173254,610
M15,DISCOVERY,ALL,11:00,18.906655462887418,610
M15,DISCOVERY,ALL,11:15,17.76692034945334,610
M15,DISCOVERY,ALL,11:30,19.1051406243419,610
M15,DISCOVERY,ALL,11:45,16.138590604485575,610
M15,DISCOVERY,ALL,12:00,15.427217052161588,610
M15,DISCOVERY,ALL,12:15,14.001489887847749,610
M15,DISCOVERY,ALL,12:30,13.616251922529372,610
M15,DISCOVERY,ALL,12:45,12.210320577359711,610
M15,DISCOVERY,ALL,13:00,10.776298928780635,610
M15,DISCOVERY,ALL,13:15,11.093154640416522,610
M15,DISCOVERY,ALL,13:30,10.984576110877466,610
M15,DISCOVERY,ALL,13:45,10.864083929369537,610
M15,DISCOVERY,ALL,14:00,11.680244774534403,610
M15,DISCOVERY,ALL,14:15,11.453777090704667,610
M15,DISCOVERY,ALL,14:30,11.02323091330947,610
M15,DISCOVERY,ALL,14:45,11.147275221648998,610
M15,DISCOVERY,ALL,15:00,12.487318203984533,610
M15,DISCOVERY,ALL,15:15,11.536839479296354,610
M15,DISCOVERY,ALL,15:30,11.756499568617409,610
M15,DISCOVERY,ALL,15:45,11.366568126635766,610
M15,DISCOVERY,ALL,16:00,11.049347844489267,610
M15,DISCOVERY,ALL,16:15,11.899631666247805,610
M15,DISCOVERY,ALL,16:30,12.915100674148773,610
M15,DISCOVERY,ALL,16:45,11.688702123571945,610
M15,DISCOVERY,ALL,17:00,10.93691872863249,610
M15,DISCOVERY,ALL,17:15,8.794894522101767,610
M15,DISCOVERY,ALL,17:30,9.708205719741288,610
M15,DISCOVERY,ALL,17:45,11.095655815607593,610
M15,DISCOVERY,ALL,18:00,11.006473639172112,206
M15,DISCOVERY,ALL,18:15,12.179986712186384,206
M15,DISCOVERY,EDT,09:15,13.484790766694394,404
M15,DISCOVERY,EDT,09:30,16.087162968991304,404
M15,DISCOVERY,EDT,09:45,12.742655260597184,404
M15,DISCOVERY,EDT,10:00,20.48647020834995,404
M15,DISCOVERY,EDT,10:15,20.902022624848026,404
M15,DISCOVERY,EDT,10:30,24.12767137745367,404
M15,DISCOVERY,EDT,10:45,22.354272883952138,404
M15,DISCOVERY,EDT,11:00,19.164200132435113,404
M15,DISCOVERY,EDT,11:15,18.377640355716412,404
M15,DISCOVERY,EDT,11:30,17.05766293311053,404
M15,DISCOVERY,EDT,11:45,14.433437106696635,404
M15,DISCOVERY,EDT,12:00,14.272646974096716,404
M15,DISCOVERY,EDT,12:15,12.900715744855729,404
M15,DISCOVERY,EDT,12:30,13.358130197459777,404
M15,DISCOVERY,EDT,12:45,11.152947758089478,404
M15,DISCOVERY,EDT,13:00,10.184085313029552,404
M15,DISCOVERY,EDT,13:15,10.393581355868836,404
M15,DISCOVERY,EDT,13:30,10.84749115167868,404
M15,DISCOVERY,EDT,13:45,10.62920934659321,404
M15,DISCOVERY,EDT,14:00,12.08063884067325,404
M15,DISCOVERY,EDT,14:15,11.604244478514765,404
M15,DISCOVERY,EDT,14:30,10.850904044145365,404
M15,DISCOVERY,EDT,14:45,11.254610109364306,404
M15,DISCOVERY,EDT,15:00,12.555661176795423,404
M15,DISCOVERY,EDT,15:15,11.621220470961898,404
M15,DISCOVERY,EDT,15:30,12.151685004522927,404
M15,DISCOVERY,EDT,15:45,12.088718247726227,404
M15,DISCOVERY,EDT,16:00,11.457870688415912,404
M15,DISCOVERY,EDT,16:15,12.221407342711357,404
M15,DISCOVERY,EDT,16:30,13.922140808917023,404
M15,DISCOVERY,EDT,16:45,12.210440856797577,404
M15,DISCOVERY,EDT,17:00,10.396171070146014,404
M15,DISCOVERY,EDT,17:15,7.9219561691985145,404
M15,DISCOVERY,EDT,17:30,8.160423375798667,404
M15,DISCOVERY,EDT,17:45,10.8905799566018,404
M15,DISCOVERY,EST,09:15,13.993805257924087,206
M15,DISCOVERY,EST,09:30,11.734308803795887,206
M15,DISCOVERY,EST,09:45,11.10816272496971,206
M15,DISCOVERY,EST,10:00,20.892785257337966,206
M15,DISCOVERY,EST,10:15,19.44332483098252,206
M15,DISCOVERY,EST,10:30,24.31044440195,206
M15,DISCOVERY,EST,10:45,18.212472994369833,206
M15,DISCOVERY,EST,11:00,18.401567858531738,206
M15,DISCOVERY,EST,11:15,16.56919761872383,206
M15,DISCOVERY,EST,11:30,23.12058231005778,206
M15,DISCOVERY,EST,11:45,19.482678046751268,206
M15,DISCOVERY,EST,12:00,17.691519535356772,206
M15,DISCOVERY,EST,12:15,16.160289663424333,206
M15,DISCOVERY,EST,12:30,14.122471228005665,206
M15,DISCOVERY,EST,12:45,14.284003193792595,206
M15,DISCOVERY,EST,13:00,11.937727573263338,206
M15,DISCOVERY,EST,13:15,12.465133314966359,206
M15,DISCOVERY,EST,13:30,11.253422341539164,206
M15,DISCOVERY,EST,13:45,11.324711751901752,206
M15,DISCOVERY,EST,14:00,10.895005926378607,206
M15,DISCOVERY,EST,14:15,11.158685708785832,206
M15,DISCOVERY,EST,14:30,11.361192346039076,206
M15,DISCOVERY,EST,14:45,10.936773791372378,206
M15,DISCOVERY,EST,15:00,12.353286354394237,206
M15,DISCOVERY,EST,15:15,11.371354427680433,206
M15,DISCOVERY,EST,15:30,10.981475704026002,206
M15,DISCOVERY,EST,15:45,9.950312549351567,206
M15,DISCOVERY,EST,16:00,10.248167121448663,206
M15,DISCOVERY,EST,16:15,11.268576456095982,206
M15,DISCOVERY,EST,16:30,10.940128759360558,206
M15,DISCOVERY,EST,16:45,10.665486355498377,206
M15,DISCOVERY,EST,17:00,11.997414136538007,206
M15,DISCOVERY,EST,17:15,10.506870709348924,206
M15,DISCOVERY,EST,17:30,12.743662355434584,206
M15,DISCOVERY,EST,17:45,11.497843422589828,206
M15,DISCOVERY,EST,18:00,11.006473639172112,206
M15,DISCOVERY,EST,18:15,12.179986712186384,206
M15,CONFIRM,ALL,09:15,9.481688730278076,250
M15,CONFIRM,ALL,09:30,11.997050680908993,250
M15,CONFIRM,ALL,09:45,8.930827026916184,250
M15,CONFIRM,ALL,10:00,13.526622888099503,250
M15,CONFIRM,ALL,10:15,14.74223580290313,250
M15,CONFIRM,ALL,10:30,16.792363237314834,250
M15,CONFIRM,ALL,10:45,12.545657136247964,250
M15,CONFIRM,ALL,11:00,11.758670816046983,250
M15,CONFIRM,ALL,11:15,11.66862377361992,250
M15,CONFIRM,ALL,11:30,12.141086213861602,250
M15,CONFIRM,ALL,11:45,10.100438943006068,250
M15,CONFIRM,ALL,12:00,10.735440256962105,250
M15,CONFIRM,ALL,12:15,8.446419247377438,250
M15,CONFIRM,ALL,12:30,8.448558862364687,250
M15,CONFIRM,ALL,12:45,7.503471772927789,250
M15,CONFIRM,ALL,13:00,7.301489378022339,250
M15,CONFIRM,ALL,13:15,6.666933523346964,250
M15,CONFIRM,ALL,13:30,6.325765751724521,250
M15,CONFIRM,ALL,13:45,7.837948476916292,250
M15,CONFIRM,ALL,14:00,7.053466255053581,250
M15,CONFIRM,ALL,14:15,8.042910857283081,250
M15,CONFIRM,ALL,14:30,6.909977647046648,250
M15,CONFIRM,ALL,14:45,6.942459631835076,250
M15,CONFIRM,ALL,15:00,7.2566403187757,250
M15,CONFIRM,ALL,15:15,7.192391769362763,250
M15,CONFIRM,ALL,15:30,7.251817372466487,250
M15,CONFIRM,ALL,15:45,6.486594748155371,250
M15,CONFIRM,ALL,16:00,6.255731024316812,250
M15,CONFIRM,ALL,16:15,6.120492925631331,250
M15,CONFIRM,ALL,16:30,7.340032219721557,250
M15,CONFIRM,ALL,16:45,6.758751525334672,250
M15,CONFIRM,ALL,17:00,6.571656076587606,250
M15,CONFIRM,ALL,17:15,5.637695626410252,250
M15,CONFIRM,ALL,17:30,5.360137654229288,250
M15,CONFIRM,ALL,17:45,5.4595761325123435,250
M15,CONFIRM,ALL,18:00,5.711005008496817,250
M15,CONFIRM,ALL,18:15,6.620223558177503,250
M15,CONFIRM,EDT,09:15,8.919156482547287,167
M15,CONFIRM,EDT,09:30,13.370381142510434,167
M15,CONFIRM,EDT,09:45,9.27936323068839,167
M15,CONFIRM,EDT,10:00,12.579297131632567,167
M15,CONFIRM,EDT,10:15,15.05612024464238,167
M15,CONFIRM,EDT,10:30,17.449728219209963,167
M15,CONFIRM,EDT,10:45,12.81696755390087,167
M15,CONFIRM,EDT,11:00,12.088093258175412,167
M15,CONFIRM,EDT,11:15,11.89434768146802,167
M15,CONFIRM,EDT,11:30,10.510908425317746,167
M15,CONFIRM,EDT,11:45,9.279510625463903,167
M15,CONFIRM,EDT,12:00,8.321495463925713,167
M15,CONFIRM,EDT,12:15,8.360219031516515,167
M15,CONFIRM,EDT,12:30,7.645375022805002,167
M15,CONFIRM,EDT,12:45,6.906686971971687,167
M15,CONFIRM,EDT,13:00,7.077488646982568,167
M15,CONFIRM,EDT,13:15,6.059725360336854,167
M15,CONFIRM,EDT,13:30,5.8101842506210994,167
M15,CONFIRM,EDT,13:45,6.878114523217757,167
M15,CONFIRM,EDT,14:00,7.360059335310432,167
M15,CONFIRM,EDT,14:15,8.106273149808308,167
M15,CONFIRM,EDT,14:30,6.617015801327572,167
M15,CONFIRM,EDT,14:45,6.753075642030864,167
M15,CONFIRM,EDT,15:00,7.165615170580001,167
M15,CONFIRM,EDT,15:15,7.011096543493273,167
M15,CONFIRM,EDT,15:30,7.220164139692301,167
M15,CONFIRM,EDT,15:45,6.2373985102609195,167
M15,CONFIRM,EDT,16:00,5.810737921411466,167
M15,CONFIRM,EDT,16:15,5.927517658095912,167
M15,CONFIRM,EDT,16:30,5.719304765618395,167
M15,CONFIRM,EDT,16:45,6.113606234301374,167
M15,CONFIRM,EDT,17:00,6.1413296160935404,167
M15,CONFIRM,EDT,17:15,4.808316214784654,167
M15,CONFIRM,EDT,17:30,3.850906903385921,167
M15,CONFIRM,EDT,17:45,3.9211999104226174,167
M15,CONFIRM,EDT,18:00,4.612074166758595,167
M15,CONFIRM,EDT,18:15,6.149725831110681,167
M15,CONFIRM,EST,09:15,10.61353072270027,83
M15,CONFIRM,EST,09:30,9.233843607566337,83
M15,CONFIRM,EST,09:45,8.229555388001023,83
M15,CONFIRM,EST,10:00,15.4326879643643,83
M15,CONFIRM,EST,10:15,14.110685179162715,83
M15,CONFIRM,EST,10:30,15.469713213501741,83
M15,CONFIRM,EST,10:45,11.99976750072947,83
M15,CONFIRM,EST,11:00,11.09585698670424,83
M15,CONFIRM,EST,11:15,11.214456392768925,83
M15,CONFIRM,EST,11:30,15.421082487196832,83
M15,CONFIRM,EST,11:45,11.752186280711392,83
M15,CONFIRM,EST,12:00,15.59241351524015,83
M15,CONFIRM,EST,12:15,8.61985823591689,83
M15,CONFIRM,EST,12:30,10.064603455213687,83
M15,CONFIRM,EST,12:45,8.704231553164762,83
M15,CONFIRM,EST,13:00,7.75218964409031,83
M15,CONFIRM,EST,13:15,7.88866561036731,83
M15,CONFIRM,EST,13:30,7.363140579245864,83
M15,CONFIRM,EST,13:45,9.769180648815754,83
M15,CONFIRM,EST,14:00,6.4365862020066675,83
M15,CONFIRM,EST,14:15,7.915422871117866,83
M15,CONFIRM,EST,14:30,7.499430999276598,83
M15,CONFIRM,EST,14:45,7.32350934626042,83
M15,CONFIRM,EST,15:00,7.439787303699578,83
M15,CONFIRM,EST,15:15,7.557166500931492,83
M15,CONFIRM,EST,15:30,7.315505202265149,83
M15,CONFIRM,EST,15:45,6.9879895882562515,83
M15,CONFIRM,EST,16:00,7.151078592813107,83
M15,CONFIRM,EST,16:15,6.508768463925488,83
M15,CONFIRM,EST,16:30,10.601013964724306,83
M15,CONFIRM,EST,16:45,8.056814942232993,83
M15,CONFIRM,EST,17:00,7.437493653726267,83
M15,CONFIRM,EST,17:15,7.306446972693077,83
M15,CONFIRM,EST,17:30,8.396782658938227,83
M15,CONFIRM,EST,17:45,8.554863229969984,83
M15,CONFIRM,EST,18:00,7.922106822596611,83
M15,CONFIRM,EST,18:15,7.566887659625204,83
M5,DISCOVERY_PARTIAL,ALL,09:05,11.673810797579582,257
M5,DISCOVERY_PARTIAL,ALL,09:10,7.758523003281691,257
M5,DISCOVERY_PARTIAL,ALL,09:15,7.770129866626882,257
M5,DISCOVERY_PARTIAL,ALL,09:20,7.046757820466524,257
M5,DISCOVERY_PARTIAL,ALL,09:25,6.6113569127598595,257
M5,DISCOVERY_PARTIAL,ALL,09:30,9.085974337217072,257
M5,DISCOVERY_PARTIAL,ALL,09:35,6.298246468375599,257
M5,DISCOVERY_PARTIAL,ALL,09:40,6.402898066695237,257
M5,DISCOVERY_PARTIAL,ALL,09:45,6.387312984278091,257
M5,DISCOVERY_PARTIAL,ALL,09:50,6.181763902286362,257
M5,DISCOVERY_PARTIAL,ALL,09:55,5.910245919231295,257
M5,DISCOVERY_PARTIAL,ALL,10:00,9.364767117645963,257
M5,DISCOVERY_PARTIAL,ALL,10:05,11.880246261730564,257
M5,DISCOVERY_PARTIAL,ALL,10:10,11.796581802225623,257
M5,DISCOVERY_PARTIAL,ALL,10:15,13.755967393844339,257
M5,DISCOVERY_PARTIAL,ALL,10:20,11.578653264133518,257
M5,DISCOVERY_PARTIAL,ALL,10:25,11.446712875732848,257
M5,DISCOVERY_PARTIAL,ALL,10:30,14.886930635209184,257
M5,DISCOVERY_PARTIAL,ALL,10:35,13.260372706830013,257
M5,DISCOVERY_PARTIAL,ALL,10:40,12.647088675143573,257
M5,DISCOVERY_PARTIAL,ALL,10:45,11.338413727332695,257
M5,DISCOVERY_PARTIAL,ALL,10:50,10.727051902879841,257
M5,DISCOVERY_PARTIAL,ALL,10:55,10.041833115984632,257
M5,DISCOVERY_PARTIAL,ALL,11:00,11.5919571364725,257
M5,DISCOVERY_PARTIAL,ALL,11:05,9.985671773844619,257
M5,DISCOVERY_PARTIAL,ALL,11:10,10.522292735524372,257
M5,DISCOVERY_PARTIAL,ALL,11:15,9.374559639479333,257
M5,DISCOVERY_PARTIAL,ALL,11:20,9.259269423537376,257
M5,DISCOVERY_PARTIAL,ALL,11:25,9.442862960720444,257
M5,DISCOVERY_PARTIAL,ALL,11:30,11.855674263613565,257
M5,DISCOVERY_PARTIAL,ALL,11:35,8.692491881456803,257
M5,DISCOVERY_PARTIAL,ALL,11:40,9.825752440622734,257
M5,DISCOVERY_PARTIAL,ALL,11:45,8.483918801682197,257
M5,DISCOVERY_PARTIAL,ALL,11:50,8.592132374380046,257
M5,DISCOVERY_PARTIAL,ALL,11:55,7.9608866815348005,257
M5,DISCOVERY_PARTIAL,ALL,12:00,8.836503181609665,257
M5,DISCOVERY_PARTIAL,ALL,12:05,8.07745783310311,257
M5,DISCOVERY_PARTIAL,ALL,12:10,8.10571306269221,257
M5,DISCOVERY_PARTIAL,ALL,12:15,7.197666796546638,257
M5,DISCOVERY_PARTIAL,ALL,12:20,7.50839653840713,257
M5,DISCOVERY_PARTIAL,ALL,12:25,7.052605472776423,257
M5,DISCOVERY_PARTIAL,ALL,12:30,7.0286880597946695,257
M5,DISCOVERY_PARTIAL,ALL,12:35,6.688215696292909,257
M5,DISCOVERY_PARTIAL,ALL,12:40,7.337221661621523,257
M5,DISCOVERY_PARTIAL,ALL,12:45,6.091903925499157,257
M5,DISCOVERY_PARTIAL,ALL,12:50,5.764188452035689,257
M5,DISCOVERY_PARTIAL,ALL,12:55,6.1540783993031685,257
M5,DISCOVERY_PARTIAL,ALL,13:00,5.86489655419321,257
M5,DISCOVERY_PARTIAL,ALL,13:05,5.858776810459834,257
M5,DISCOVERY_PARTIAL,ALL,13:10,5.7329040823260256,257
M5,DISCOVERY_PARTIAL,ALL,13:15,5.555579064663036,257
M5,DISCOVERY_PARTIAL,ALL,13:20,5.142540192200365,257
M5,DISCOVERY_PARTIAL,ALL,13:25,5.612899992217397,257
M5,DISCOVERY_PARTIAL,ALL,13:30,5.469207180119442,257
M5,DISCOVERY_PARTIAL,ALL,13:35,5.4044178761120865,257
M5,DISCOVERY_PARTIAL,ALL,13:40,5.257769097111491,257
M5,DISCOVERY_PARTIAL,ALL,13:45,6.041547259816587,257
M5,DISCOVERY_PARTIAL,ALL,13:50,5.347643368507569,257
M5,DISCOVERY_PARTIAL,ALL,13:55,5.591641437981295,257
M5,DISCOVERY_PARTIAL,ALL,14:00,6.1929046554581415,257
M5,DISCOVERY_PARTIAL,ALL,14:05,5.590427300289199,257
M5,DISCOVERY_PARTIAL,ALL,14:10,6.113290962733456,257
M5,DISCOVERY_PARTIAL,ALL,14:15,5.786729488723771,257
M5,DISCOVERY_PARTIAL,ALL,14:20,5.467989725780673,257
M5,DISCOVERY_PARTIAL,ALL,14:25,5.218944848882512,257
M5,DISCOVERY_PARTIAL,ALL,14:30,5.46001611858842,257
M5,DISCOVERY_PARTIAL,ALL,14:35,5.859210384864338,257
M5,DISCOVERY_PARTIAL,ALL,14:40,6.076647739798244,257
M5,DISCOVERY_PARTIAL,ALL,14:45,5.69075238894256,257
M5,DISCOVERY_PARTIAL,ALL,14:50,5.248731963719374,257
M5,DISCOVERY_PARTIAL,ALL,14:55,5.126373284405337,257
M5,DISCOVERY_PARTIAL,ALL,15:00,6.827989218806563,257
M5,DISCOVERY_PARTIAL,ALL,15:05,6.113099723294489,257
M5,DISCOVERY_PARTIAL,ALL,15:10,6.158873166142567,257
M5,DISCOVERY_PARTIAL,ALL,15:15,5.487924188018539,257
M5,DISCOVERY_PARTIAL,ALL,15:20,6.118700007336906,257
M5,DISCOVERY_PARTIAL,ALL,15:25,6.014502449839742,257
M5,DISCOVERY_PARTIAL,ALL,15:30,6.123942986812709,257
M5,DISCOVERY_PARTIAL,ALL,15:35,5.759817489902984,257
M5,DISCOVERY_PARTIAL,ALL,15:40,5.5634550867689985,257
M5,DISCOVERY_PARTIAL,ALL,15:45,4.525349031219043,257
M5,DISCOVERY_PARTIAL,ALL,15:50,5.108733281716948,257
M5,DISCOVERY_PARTIAL,ALL,15:55,4.975753005345543,257
M5,DISCOVERY_PARTIAL,ALL,16:00,5.768296600575115,257
M5,DISCOVERY_PARTIAL,ALL,16:05,5.763984679555027,257
M5,DISCOVERY_PARTIAL,ALL,16:10,6.0481669417577,257
M5,DISCOVERY_PARTIAL,ALL,16:15,5.438115412438823,257
M5,DISCOVERY_PARTIAL,ALL,16:20,5.548199791938542,257
M5,DISCOVERY_PARTIAL,ALL,16:25,5.769229112489956,257
M5,DISCOVERY_PARTIAL,ALL,16:30,7.08509760484205,257
M5,DISCOVERY_PARTIAL,ALL,16:35,5.58969489293379,257
M5,DISCOVERY_PARTIAL,ALL,16:40,5.546321465219705,257
M5,DISCOVERY_PARTIAL,ALL,16:45,4.9764785321048395,257
M5,DISCOVERY_PARTIAL,ALL,16:50,5.4613234180367,257
M5,DISCOVERY_PARTIAL,ALL,16:55,5.722623527913722,257
M5,DISCOVERY_PARTIAL,ALL,17:00,5.9372417648816045,257
M5,DISCOVERY_PARTIAL,ALL,17:05,4.9937310848674885,257
M5,DISCOVERY_PARTIAL,ALL,17:10,4.585269798172016,257
M5,DISCOVERY_PARTIAL,ALL,17:15,4.694560613144759,257
M5,DISCOVERY_PARTIAL,ALL,17:20,4.298183645427675,257
M5,DISCOVERY_PARTIAL,ALL,17:25,3.569023616628128,257
M5,DISCOVERY_PARTIAL,ALL,17:30,4.934405088910203,257
M5,DISCOVERY_PARTIAL,ALL,17:35,4.8506179887620355,257
M5,DISCOVERY_PARTIAL,ALL,17:40,4.6212308652191005,257
M5,DISCOVERY_PARTIAL,ALL,17:45,5.133426293259808,257
M5,DISCOVERY_PARTIAL,ALL,17:50,6.966385435690331,257
M5,DISCOVERY_PARTIAL,ALL,17:55,5.198640068642463,95
M5,DISCOVERY_PARTIAL,ALL,18:00,5.985124473641801,94
M5,DISCOVERY_PARTIAL,ALL,18:05,5.062240685266012,94
M5,DISCOVERY_PARTIAL,ALL,18:10,4.836091347942084,94
M5,DISCOVERY_PARTIAL,ALL,18:15,5.187825333199143,94
M5,DISCOVERY_PARTIAL,ALL,18:20,7.769469224130874,94
M5,DISCOVERY_PARTIAL,ALL,18:25,3.555344868452215,1
M5,DISCOVERY_PARTIAL,EDT,09:05,11.845074183651908,163
M5,DISCOVERY_PARTIAL,EDT,09:10,7.826843200606918,163
M5,DISCOVERY_PARTIAL,EDT,09:15,8.603326850705457,163
M5,DISCOVERY_PARTIAL,EDT,09:20,6.841687680529671,163
M5,DISCOVERY_PARTIAL,EDT,09:25,6.813802279057441,163
M5,DISCOVERY_PARTIAL,EDT,09:30,10.949351446856445,163
M5,DISCOVERY_PARTIAL,EDT,09:35,6.8920264508771725,163
M5,DISCOVERY_PARTIAL,EDT,09:40,7.448373286086522,163
M5,DISCOVERY_PARTIAL,EDT,09:45,6.777369964885726,163
M5,DISCOVERY_PARTIAL,EDT,09:50,6.523040793714477,163
M5,DISCOVERY_PARTIAL,EDT,09:55,6.1196588799313085,163
M5,DISCOVERY_PARTIAL,EDT,10:00,9.68164377232194,163
M5,DISCOVERY_PARTIAL,EDT,10:05,12.749662527145391,163
M5,DISCOVERY_PARTIAL,EDT,10:10,12.273018954661625,163
M5,DISCOVERY_PARTIAL,EDT,10:15,15.471597346629505,163
M5,DISCOVERY_PARTIAL,EDT,10:20,12.100674231798907,163
M5,DISCOVERY_PARTIAL,EDT,10:25,12.386378565909892,163
M5,DISCOVERY_PARTIAL,EDT,10:30,14.275438988182703,163
M5,DISCOVERY_PARTIAL,EDT,10:35,13.351031440374285,163
M5,DISCOVERY_PARTIAL,EDT,10:40,12.659121247498323,163
M5,DISCOVERY_PARTIAL,EDT,10:45,12.803176942011348,163
M5,DISCOVERY_PARTIAL,EDT,10:50,11.73535486104433,163
M5,DISCOVERY_PARTIAL,EDT,10:55,10.37421807521973,163
M5,DISCOVERY_PARTIAL,EDT,11:00,12.780144611035238,163
M5,DISCOVERY_PARTIAL,EDT,11:05,10.096131857383817,163
M5,DISCOVERY_PARTIAL,EDT,11:10,10.526313237357298,163
M5,DISCOVERY_PARTIAL,EDT,11:15,9.009033619947038,163
M5,DISCOVERY_PARTIAL,EDT,11:20,9.88176567351644,163
M5,DISCOVERY_PARTIAL,EDT,11:25,9.151802539768694,163
M5,DISCOVERY_PARTIAL,EDT,11:30,10.320276333311115,163
M5,DISCOVERY_PARTIAL,EDT,11:35,8.120385949353379,163
M5,DISCOVERY_PARTIAL,EDT,11:40,8.338670471767067,163
M5,DISCOVERY_PARTIAL,EDT,11:45,8.027721365265906,163
M5,DISCOVERY_PARTIAL,EDT,11:50,7.830205192641977,163
M5,DISCOVERY_PARTIAL,EDT,11:55,7.527167815676878,163
M5,DISCOVERY_PARTIAL,EDT,12:00,7.9411230874960035,163
M5,DISCOVERY_PARTIAL,EDT,12:05,8.025619863651094,163
M5,DISCOVERY_PARTIAL,EDT,12:10,7.568864456409807,163
M5,DISCOVERY_PARTIAL,EDT,12:15,7.042419478729116,163
M5,DISCOVERY_PARTIAL,EDT,12:20,6.553380691257183,163
M5,DISCOVERY_PARTIAL,EDT,12:25,6.7903665702186125,163
M5,DISCOVERY_PARTIAL,EDT,12:30,6.331600242845734,163
M5,DISCOVERY_PARTIAL,EDT,12:35,6.095783133948082,163
M5,DISCOVERY_PARTIAL,EDT,12:40,6.574428571771788,163
M5,DISCOVERY_PARTIAL,EDT,12:45,5.803053886109064,163
M5,DISCOVERY_PARTIAL,EDT,12:50,5.173482469533078,163
M5,DISCOVERY_PARTIAL,EDT,12:55,5.689940637029008,163
M5,DISCOVERY_PARTIAL,EDT,13:00,5.339072088099769,163
M5,DISCOVERY_PARTIAL,EDT,13:05,4.981364271692077,163
M5,DISCOVERY_PARTIAL,EDT,13:10,5.2766857788843025,163
M5,DISCOVERY_PARTIAL,EDT,13:15,5.139868799639541,163
M5,DISCOVERY_PARTIAL,EDT,13:20,4.88373439759854,163
M5,DISCOVERY_PARTIAL,EDT,13:25,5.472557799913007,163
M5,DISCOVERY_PARTIAL,EDT,13:30,4.756797020998273,163
M5,DISCOVERY_PARTIAL,EDT,13:35,5.319935192164924,163
M5,DISCOVERY_PARTIAL,EDT,13:40,4.855744062772646,163
M5,DISCOVERY_PARTIAL,EDT,13:45,6.029458666127955,163
M5,DISCOVERY_PARTIAL,EDT,13:50,5.441506861932436,163
M5,DISCOVERY_PARTIAL,EDT,13:55,5.292276479741084,163
M5,DISCOVERY_PARTIAL,EDT,14:00,6.559039026183311,163
M5,DISCOVERY_PARTIAL,EDT,14:05,5.530774124909633,163
M5,DISCOVERY_PARTIAL,EDT,14:10,5.727694926788635,163
M5,DISCOVERY_PARTIAL,EDT,14:15,5.659741819384173,163
M5,DISCOVERY_PARTIAL,EDT,14:20,5.459978422908457,163
M5,DISCOVERY_PARTIAL,EDT,14:25,4.8106771962531845,163
M5,DISCOVERY_PARTIAL,EDT,14:30,5.654945152302533,163
M5,DISCOVERY_PARTIAL,EDT,14:35,5.655145743631499,163
M5,DISCOVERY_PARTIAL,EDT,14:40,6.1563767263955835,163
M5,DISCOVERY_PARTIAL,EDT,14:45,5.54425354470585,163
M5,DISCOVERY_PARTIAL,EDT,14:50,5.021095755658285,163
M5,DISCOVERY_PARTIAL,EDT,14:55,5.322170320223907,163
M5,DISCOVERY_PARTIAL,EDT,15:00,6.346130201210623,163
M5,DISCOVERY_PARTIAL,EDT,15:05,6.105954937944983,163
M5,DISCOVERY_PARTIAL,EDT,15:10,6.114852347982121,163
M5,DISCOVERY_PARTIAL,EDT,15:15,5.472778251932992,163
M5,DISCOVERY_PARTIAL,EDT,15:20,5.945791608973309,163
M5,DISCOVERY_PARTIAL,EDT,15:25,6.002139170040381,163
M5,DISCOVERY_PARTIAL,EDT,15:30,6.094418496119788,163
M5,DISCOVERY_PARTIAL,EDT,15:35,6.187544497635146,163
M5,DISCOVERY_PARTIAL,EDT,15:40,5.506898825477628,163
M5,DISCOVERY_PARTIAL,EDT,15:45,4.654675935956453,163
M5,DISCOVERY_PARTIAL,EDT,15:50,5.041707129046114,163
M5,DISCOVERY_PARTIAL,EDT,15:55,4.856484333653757,163
M5,DISCOVERY_PARTIAL,EDT,16:00,5.44938121826951,163
M5,DISCOVERY_PARTIAL,EDT,16:05,5.595347210318518,163
M5,DISCOVERY_PARTIAL,EDT,16:10,5.643185619138528,163
M5,DISCOVERY_PARTIAL,EDT,16:15,5.365745485950072,163
M5,DISCOVERY_PARTIAL,EDT,16:20,5.570232255921057,163
M5,DISCOVERY_PARTIAL,EDT,16:25,5.563230788434033,163
M5,DISCOVERY_PARTIAL,EDT,16:30,7.967123302552931,163
M5,DISCOVERY_PARTIAL,EDT,16:35,5.639537320118129,163
M5,DISCOVERY_PARTIAL,EDT,16:40,5.408556000724763,163
M5,DISCOVERY_PARTIAL,EDT,16:45,4.762567406972262,163
M5,DISCOVERY_PARTIAL,EDT,16:50,5.317038880045454,163
M5,DISCOVERY_PARTIAL,EDT,16:55,5.757113984545923,163
M5,DISCOVERY_PARTIAL,EDT,17:00,5.4926949561325,163
M5,DISCOVERY_PARTIAL,EDT,17:05,4.887560627187125,163
M5,DISCOVERY_PARTIAL,EDT,17:10,4.451952982274558,163
M5,DISCOVERY_PARTIAL,EDT,17:15,4.3370660817661095,163
M5,DISCOVERY_PARTIAL,EDT,17:20,4.065013487369825,163
M5,DISCOVERY_PARTIAL,EDT,17:25,3.354191007667774,163
M5,DISCOVERY_PARTIAL,EDT,17:30,3.8518444151676303,163
M5,DISCOVERY_PARTIAL,EDT,17:35,3.980951707121555,163
M5,DISCOVERY_PARTIAL,EDT,17:40,4.0011460155212495,163
M5,DISCOVERY_PARTIAL,EDT,17:45,4.819174935766952,163
M5,DISCOVERY_PARTIAL,EDT,17:50,7.8700123917011,163
M5,DISCOVERY_PARTIAL,EDT,17:55,10.888976000696937,1
M5,DISCOVERY_PARTIAL,EST,09:05,11.376832798326504,94
M5,DISCOVERY_PARTIAL,EST,09:10,7.640052873877309,94
M5,DISCOVERY_PARTIAL,EST,09:15,6.32533084104382,94
M5,DISCOVERY_PARTIAL,EST,09:20,7.402358169505963,94
M5,DISCOVERY_PARTIAL,EST,09:25,6.260308032903416,94
M5,DISCOVERY_PARTIAL,EST,09:30,5.854799136459436,94
M5,DISCOVERY_PARTIAL,EST,09:35,5.268606711484574,94
M5,DISCOVERY_PARTIAL,EST,09:40,4.5899995479635445,94
M5,DISCOVERY_PARTIAL,EST,09:45,5.710937581735063,94
M5,DISCOVERY_PARTIAL,EST,09:50,5.589975250129099,94
M5,DISCOVERY_PARTIAL,EST,09:55,5.547114934187653,94
M5,DISCOVERY_PARTIAL,EST,10:00,8.81528951432485,94
M5,DISCOVERY_PARTIAL,EST,10:05,10.372641461064426,94
M5,DISCOVERY_PARTIAL,EST,10:10,10.970419505980217,94
M5,DISCOVERY_PARTIAL,EST,10:15,10.780992050184954,94
M5,DISCOVERY_PARTIAL,EST,10:20,10.673446692543537,94
M5,DISCOVERY_PARTIAL,EST,10:25,9.817292583191803,94
M5,DISCOVERY_PARTIAL,EST,10:30,15.947283172074249,94
M5,DISCOVERY_PARTIAL,EST,10:35,13.103166605045793,94
M5,DISCOVERY_PARTIAL,EST,10:40,12.626223682656075,94
M5,DISCOVERY_PARTIAL,EST,10:45,8.798451982730349,94
M5,DISCOVERY_PARTIAL,EST,10:50,8.978611666913757,94
M5,DISCOVERY_PARTIAL,EST,10:55,9.465463452630154,94
M5,DISCOVERY_PARTIAL,EST,11:00,9.531589494411582,94
M5,DISCOVERY_PARTIAL,EST,11:05,9.794129288558562,94
M5,DISCOVERY_PARTIAL,EST,11:10,10.515321014260891,94
M5,DISCOVERY_PARTIAL,EST,11:15,10.008397311647037,94
M5,DISCOVERY_PARTIAL,EST,11:20,8.179834436871552,94
M5,DISCOVERY_PARTIAL,EST,11:25,9.947574116200604,94
M5,DISCOVERY_PARTIAL,EST,11:30,14.518119610840152,94
M5,DISCOVERY_PARTIAL,EST,11:35,9.684547912657425,94
M5,DISCOVERY_PARTIAL,EST,11:40,12.404415854702243,94
M5,DISCOVERY_PARTIAL,EST,11:45,9.274984569084916,94
M5,DISCOVERY_PARTIAL,EST,11:50,9.913346529947125,94
M5,DISCOVERY_PARTIAL,EST,11:55,8.71297365105439,94
M5,DISCOVERY_PARTIAL,EST,12:00,10.389130366083354,94
M5,DISCOVERY_PARTIAL,EST,12:05,8.16734707800395,94
M5,DISCOVERY_PARTIAL,EST,12:10,9.036631390607443,94
M5,DISCOVERY_PARTIAL,EST,12:15,7.466872251911068,94
M5,DISCOVERY_PARTIAL,EST,12:20,9.164434656337358,94
M5,DISCOVERY_PARTIAL,EST,12:25,7.507338888913907,94
M5,DISCOVERY_PARTIAL,EST,12:30,8.237467997695482,94
M5,DISCOVERY_PARTIAL,EST,12:35,7.715518969295109,94
M5,DISCOVERY_PARTIAL,EST,12:40,8.659937338701383,94
M5,DISCOVERY_PARTIAL,EST,12:45,6.5927821852926165,94
M5,DISCOVERY_PARTIAL,EST,12:50,6.788497762120004,94
M5,DISCOVERY_PARTIAL,EST,12:55,6.958913029629637,94
M5,DISCOVERY_PARTIAL,EST,13:00,6.776698553908434,94
M5,DISCOVERY_PARTIAL,EST,13:05,7.380247489386902,94
M5,DISCOVERY_PARTIAL,EST,13:10,6.524006034038798,94
M5,DISCOVERY_PARTIAL,EST,13:15,6.276438354012286,94
M5,DISCOVERY_PARTIAL,EST,13:20,5.591320453052466,94
M5,DISCOVERY_PARTIAL,EST,13:25,5.856259325681395,94
M5,DISCOVERY_PARTIAL,EST,13:30,6.704556711361467,94
M5,DISCOVERY_PARTIAL,EST,13:35,5.5509144450842935,94
M5,DISCOVERY_PARTIAL,EST,13:40,5.954897614103318,94
M5,DISCOVERY_PARTIAL,EST,13:45,6.06250939568092,94
M5,DISCOVERY_PARTIAL,EST,13:50,5.184880076717641,94
M5,DISCOVERY_PARTIAL,EST,13:55,6.110753014504213,94
M5,DISCOVERY_PARTIAL,EST,14:00,5.55801207643471,94
M5,DISCOVERY_PARTIAL,EST,14:05,5.6938684448303585,94
M5,DISCOVERY_PARTIAL,EST,14:10,6.78193089740373,94
M5,DISCOVERY_PARTIAL,EST,14:15,6.006931511089241,94
M5,DISCOVERY_PARTIAL,EST,14:20,5.481881665867601,94
M5,DISCOVERY_PARTIAL,EST,14:25,5.92689833163337,94
M5,DISCOVERY_PARTIAL,EST,14:30,5.122000879275653,94
M5,DISCOVERY_PARTIAL,EST,14:35,6.213067156363834,94
M5,DISCOVERY_PARTIAL,EST,14:40,5.938394284315623,94
M5,DISCOVERY_PARTIAL,EST,14:45,5.944787618842388,94
M5,DISCOVERY_PARTIAL,EST,14:50,5.643462835144452,94
M5,DISCOVERY_PARTIAL,EST,14:55,4.786852892507179,94
M5,DISCOVERY_PARTIAL,EST,15:00,7.663553259956973,94
M5,DISCOVERY_PARTIAL,EST,15:05,6.125489085123953,94
M5,DISCOVERY_PARTIAL,EST,15:10,6.235207138059084,94
M5,DISCOVERY_PARTIAL,EST,15:15,5.514187885698793,94
M5,DISCOVERY_PARTIAL,EST,15:20,6.418530527903568,94
M5,DISCOVERY_PARTIAL,EST,15:25,6.035940903108845,94
M5,DISCOVERY_PARTIAL,EST,15:30,6.175139710035539,94
M5,DISCOVERY_PARTIAL,EST,15:35,5.01812065734615,94
M5,DISCOVERY_PARTIAL,EST,15:40,5.661526050497651,94
M5,DISCOVERY_PARTIAL,EST,15:45,4.30109067513183,94
M5,DISCOVERY_PARTIAL,EST,15:50,5.224959482624885,94
M5,DISCOVERY_PARTIAL,EST,15:55,5.182569957321723,94
M5,DISCOVERY_PARTIAL,EST,16:00,6.3213094443603675,94
M5,DISCOVERY_PARTIAL,EST,16:05,6.056409227273656,94
M5,DISCOVERY_PARTIAL,EST,16:10,6.750421788427118,94
M5,DISCOVERY_PARTIAL,EST,16:15,5.563607944541659,94
M5,DISCOVERY_PARTIAL,EST,16:20,5.5099945618412,94
M5,DISCOVERY_PARTIAL,EST,16:25,6.12643897228906,94
M5,DISCOVERY_PARTIAL,EST,16:30,5.555627512002969,94
M5,DISCOVERY_PARTIAL,EST,16:35,5.503266003241798,94
M5,DISCOVERY_PARTIAL,EST,16:40,5.785212643014126,94
M5,DISCOVERY_PARTIAL,EST,16:45,5.3474095256858005,94
M5,DISCOVERY_PARTIAL,EST,16:50,5.711518946681093,94
M5,DISCOVERY_PARTIAL,EST,16:55,5.662815608434479,94
M5,DISCOVERY_PARTIAL,EST,17:00,6.7081048481380305,94
M5,DISCOVERY_PARTIAL,EST,17:05,5.177835176377055,94
M5,DISCOVERY_PARTIAL,EST,17:10,4.816446829994203,94
M5,DISCOVERY_PARTIAL,EST,17:15,5.314471343088589,94
M5,DISCOVERY_PARTIAL,EST,17:20,4.702510621634371,94
M5,DISCOVERY_PARTIAL,EST,17:25,3.941552502378529,94
M5,DISCOVERY_PARTIAL,EST,17:30,6.811611363591473,94
M5,DISCOVERY_PARTIAL,EST,17:35,6.358656328202445,94
M5,DISCOVERY_PARTIAL,EST,17:40,5.696484381184523,94
M5,DISCOVERY_PARTIAL,EST,17:45,5.678351519550608,94
M5,DISCOVERY_PARTIAL,EST,17:50,5.399457841756762,94
M5,DISCOVERY_PARTIAL,EST,17:55,5.138104580003585,94
M5,DISCOVERY_PARTIAL,EST,18:00,5.985124473641801,94
M5,DISCOVERY_PARTIAL,EST,18:05,5.062240685266012,94
M5,DISCOVERY_PARTIAL,EST,18:10,4.836091347942084,94
M5,DISCOVERY_PARTIAL,EST,18:15,5.187825333199143,94
M5,DISCOVERY_PARTIAL,EST,18:20,7.769469224130874,94
M5,DISCOVERY_PARTIAL,EST,18:25,3.555344868452215,1
M5,CONFIRM,ALL,09:05,8.755750893935385,249
M5,CONFIRM,ALL,09:10,6.991955144384979,249
M5,CONFIRM,ALL,09:15,6.280753314703377,249
M5,CONFIRM,ALL,09:20,5.994589900143583,249
M5,CONFIRM,ALL,09:25,5.158701459858426,249
M5,CONFIRM,ALL,09:30,8.488470736802384,249
M5,CONFIRM,ALL,09:35,5.42385702010467,249
M5,CONFIRM,ALL,09:40,5.546247838306312,249
M5,CONFIRM,ALL,09:45,5.070476731208004,249
M5,CONFIRM,ALL,09:50,5.303062135146636,249
M5,CONFIRM,ALL,09:55,5.390652696344012,249
M5,CONFIRM,ALL,10:00,7.830410822020415,249
M5,CONFIRM,ALL,10:05,7.951354130895936,249
M5,CONFIRM,ALL,10:10,7.880657800877795,249
M5,CONFIRM,ALL,10:15,9.106264197338456,249
M5,CONFIRM,ALL,10:20,8.593712957027563,249
M5,CONFIRM,ALL,10:25,7.541217857113672,249
M5,CONFIRM,ALL,10:30,10.613462664109937,249
M5,CONFIRM,ALL,10:35,8.646198398851912,249
M5,CONFIRM,ALL,10:40,8.349130097220037,249
M5,CONFIRM,ALL,10:45,7.514752051682839,249
M5,CONFIRM,ALL,10:50,7.120537101388479,249
M5,CONFIRM,ALL,10:55,6.323738212969109,249
M5,CONFIRM,ALL,11:00,7.5234603662509505,249
M5,CONFIRM,ALL,11:05,6.962625788672595,249
M5,CONFIRM,ALL,11:10,6.704944841233789,249
M5,CONFIRM,ALL,11:15,7.038638005931327,249
M5,CONFIRM,ALL,11:20,6.140024150558981,249
M5,CONFIRM,ALL,11:25,6.904366065031027,249
M5,CONFIRM,ALL,11:30,7.225996733806275,249
M5,CONFIRM,ALL,11:35,6.57372868816975,249
M5,CONFIRM,ALL,11:40,6.328763520578877,249
M5,CONFIRM,ALL,11:45,5.617959962696248,249
M5,CONFIRM,ALL,11:50,6.182903883760916,249
M5,CONFIRM,ALL,11:55,5.48559582865117,249
M5,CONFIRM,ALL,12:00,6.982475313750576,249
M5,CONFIRM,ALL,12:05,5.13755620769351,249
M5,CONFIRM,ALL,12:10,4.957465916597724,249
M5,CONFIRM,ALL,12:15,4.759440631722353,249
M5,CONFIRM,ALL,12:20,4.852571043705436,249
M5,CONFIRM,ALL,12:25,4.595342479126032,249
M5,CONFIRM,ALL,12:30,4.596121416087862,249
M5,CONFIRM,ALL,12:35,4.91875851268923,249
M5,CONFIRM,ALL,12:40,4.403175272486269,249
M5,CONFIRM,ALL,12:45,4.2703551911327375,249
M5,CONFIRM,ALL,12:50,4.155704075242456,249
M5,CONFIRM,ALL,12:55,4.007857687425864,249
M5,CONFIRM,ALL,13:00,4.5435183609347725,249
M5,CONFIRM,ALL,13:05,4.167679902026155,249
M5,CONFIRM,ALL,13:10,3.938360480844984,249
M5,CONFIRM,ALL,13:15,3.863094126853804,249
M5,CONFIRM,ALL,13:20,3.853196846508012,249
M5,CONFIRM,ALL,13:25,4.013884522032912,249
M5,CONFIRM,ALL,13:30,4.194707106408551,249
M5,CONFIRM,ALL,13:35,4.235731786019163,249
M5,CONFIRM,ALL,13:40,3.9783832966143247,249
M5,CONFIRM,ALL,13:45,4.352148985801145,249
M5,CONFIRM,ALL,13:50,4.81870285108213,249
M5,CONFIRM,ALL,13:55,4.255856973581996,249
M5,CONFIRM,ALL,14:00,4.472027701015066,249
M5,CONFIRM,ALL,14:05,4.2723864130571805,249
M5,CONFIRM,ALL,14:10,4.206775796364654,249
M5,CONFIRM,ALL,14:15,4.683636993784884,249
M5,CONFIRM,ALL,14:20,4.735946159215037,249
M5,CONFIRM,ALL,14:25,4.309452379805653,249
M5,CONFIRM,ALL,14:30,4.280373047127089,249
M5,CONFIRM,ALL,14:35,4.172193574478221,249
M5,CONFIRM,ALL,14:40,4.115170308523394,249
M5,CONFIRM,ALL,14:45,3.845957238450585,249
M5,CONFIRM,ALL,14:50,4.499111504092063,249
M5,CONFIRM,ALL,14:55,4.102895374773097,249
M5,CONFIRM,ALL,15:00,4.843596700986732,249
M5,CONFIRM,ALL,15:05,4.470213619430713,249
M5,CONFIRM,ALL,15:10,4.307043184191923,249
M5,CONFIRM,ALL,15:15,4.278356400437427,249
M5,CONFIRM,ALL,15:20,4.403678889919813,249
M5,CONFIRM,ALL,15:25,3.872774417671916,249
M5,CONFIRM,ALL,15:30,4.119005761639052,249
M5,CONFIRM,ALL,15:35,3.9268053447331766,249
M5,CONFIRM,ALL,15:40,4.437771270277141,249
M5,CONFIRM,ALL,15:45,3.890964655616947,249
M5,CONFIRM,ALL,15:50,3.9727209404750097,249
M5,CONFIRM,ALL,15:55,3.7856237589309014,249
M5,CONFIRM,ALL,16:00,4.043302045411106,249
M5,CONFIRM,ALL,16:05,3.6006014725175994,249
M5,CONFIRM,ALL,16:10,4.122454329497825,249
M5,CONFIRM,ALL,16:15,3.461198323746767,249
M5,CONFIRM,ALL,16:20,3.8234841615049358,249
M5,CONFIRM,ALL,16:25,3.3665539186910998,249
M5,CONFIRM,ALL,16:30,4.490076880361855,249
M5,CONFIRM,ALL,16:35,4.118326513570101,249
M5,CONFIRM,ALL,16:40,3.838539464117654,249
M5,CONFIRM,ALL,16:45,3.730401502920758,249
M5,CONFIRM,ALL,16:50,3.9090063148359713,249
M5,CONFIRM,ALL,16:55,3.8275679978303936,249
M5,CONFIRM,ALL,17:00,4.259226761664114,249
M5,CONFIRM,ALL,17:05,3.367881910266815,249
M5,CONFIRM,ALL,17:10,3.384098754170675,249
M5,CONFIRM,ALL,17:15,3.4087464703270243,249
M5,CONFIRM,ALL,17:20,3.2309092468076015,249
M5,CONFIRM,ALL,17:25,3.501512057925381,249
M5,CONFIRM,ALL,17:30,3.440180821347884,249
M5,CONFIRM,ALL,17:35,2.972503221296098,249
M5,CONFIRM,ALL,17:40,2.854514346151486,249
M5,CONFIRM,ALL,17:45,3.0348628344071855,249
M5,CONFIRM,ALL,17:50,3.097543973849303,249
M5,CONFIRM,ALL,17:55,3.161862001041317,249
M5,CONFIRM,ALL,18:00,3.084468513951801,249
M5,CONFIRM,ALL,18:05,2.7255774923457055,249
M5,CONFIRM,ALL,18:10,3.3496876244149143,249
M5,CONFIRM,ALL,18:15,3.6367092581309977,249
M5,CONFIRM,ALL,18:20,5.525756541556327,249
M5,CONFIRM,EDT,09:05,9.377528618355443,167
M5,CONFIRM,EDT,09:10,6.56836507960264,167
M5,CONFIRM,EDT,09:15,6.325802939768572,167
M5,CONFIRM,EDT,09:20,6.230777683103014,167
M5,CONFIRM,EDT,09:25,5.100490955023832,167
M5,CONFIRM,EDT,09:30,10.296683667252694,167
M5,CONFIRM,EDT,09:35,5.600252084146979,167
M5,CONFIRM,EDT,09:40,5.701049307863579,167
M5,CONFIRM,EDT,09:45,5.475689128958829,167
M5,CONFIRM,EDT,09:50,5.451456631048306,167
M5,CONFIRM,EDT,09:55,5.432578515209395,167
M5,CONFIRM,EDT,10:00,7.847452797359242,167
M5,CONFIRM,EDT,10:05,7.822502990219765,167
M5,CONFIRM,EDT,10:10,8.079881334116012,167
M5,CONFIRM,EDT,10:15,9.415134161001513,167
M5,CONFIRM,EDT,10:20,8.876437349357824,167
M5,CONFIRM,EDT,10:25,7.877933319226228,167
M5,CONFIRM,EDT,10:30,10.79280988445592,167
M5,CONFIRM,EDT,10:35,8.892101263849227,167
M5,CONFIRM,EDT,10:40,8.613160984232767,167
M5,CONFIRM,EDT,10:45,7.865315942531471,167
M5,CONFIRM,EDT,10:50,7.403568239078862,167
M5,CONFIRM,EDT,10:55,6.405649136303765,167
M5,CONFIRM,EDT,11:00,7.537092829937271,167
M5,CONFIRM,EDT,11:05,7.1701033888571715,167
M5,CONFIRM,EDT,11:10,6.649086414401864,167
M5,CONFIRM,EDT,11:15,6.892303773823194,167
M5,CONFIRM,EDT,11:20,6.197447027801423,167
M5,CONFIRM,EDT,11:25,6.63106819313391,167
M5,CONFIRM,EDT,11:30,6.063454126686832,167
M5,CONFIRM,EDT,11:35,5.891450157795256,167
M5,CONFIRM,EDT,11:40,5.753124081125785,167
M5,CONFIRM,EDT,11:45,5.315824250538589,167
M5,CONFIRM,EDT,11:50,5.673206516681293,167
M5,CONFIRM,EDT,11:55,5.472999847836107,167
M5,CONFIRM,EDT,12:00,5.348535197015291,167
M5,CONFIRM,EDT,12:05,4.683174063327793,167
M5,CONFIRM,EDT,12:10,4.621695394108187,167
M5,CONFIRM,EDT,12:15,4.535514886984428,167
M5,CONFIRM,EDT,12:20,4.646076979431079,167
M5,CONFIRM,EDT,12:25,4.193265781909828,167
M5,CONFIRM,EDT,12:30,4.4070453907589,167
M5,CONFIRM,EDT,12:35,4.424037255354242,167
M5,CONFIRM,EDT,12:40,3.9175007286400834,167
M5,CONFIRM,EDT,12:45,3.883265144264815,167
M5,CONFIRM,EDT,12:50,3.961718733881802,167
M5,CONFIRM,EDT,12:55,3.753333085922728,167
M5,CONFIRM,EDT,13:00,4.12294885624354,167
M5,CONFIRM,EDT,13:05,3.968377832237236,167
M5,CONFIRM,EDT,13:10,3.8876953449505507,167
M5,CONFIRM,EDT,13:15,3.7017063843853557,167
M5,CONFIRM,EDT,13:20,3.582692278725241,167
M5,CONFIRM,EDT,13:25,3.757029618816323,167
M5,CONFIRM,EDT,13:30,3.8530613340655337,167
M5,CONFIRM,EDT,13:35,3.912723337477547,167
M5,CONFIRM,EDT,13:40,3.7744248947675083,167
M5,CONFIRM,EDT,13:45,3.8437059346472067,167
M5,CONFIRM,EDT,13:50,4.614738038414977,167
M5,CONFIRM,EDT,13:55,4.171756343012191,167
M5,CONFIRM,EDT,14:00,4.6095137495319145,167
M5,CONFIRM,EDT,14:05,4.244628994387926,167
M5,CONFIRM,EDT,14:10,4.2814785099607215,167
M5,CONFIRM,EDT,14:15,4.671665319358585,167
M5,CONFIRM,EDT,14:20,4.8323776555054145,167
M5,CONFIRM,EDT,14:25,4.438846483770279,167
M5,CONFIRM,EDT,14:30,4.459297251826397,167
M5,CONFIRM,EDT,14:35,4.039621821923194,167
M5,CONFIRM,EDT,14:40,3.7498035772664884,167
M5,CONFIRM,EDT,14:45,3.465510039237931,167
M5,CONFIRM,EDT,14:50,4.244756301150616,167
M5,CONFIRM,EDT,14:55,3.7893252219301354,167
M5,CONFIRM,EDT,15:00,4.513953641538034,167
M5,CONFIRM,EDT,15:05,4.559710938726918,167
M5,CONFIRM,EDT,15:10,4.314075542502127,167
M5,CONFIRM,EDT,15:15,4.291612178155546,167
M5,CONFIRM,EDT,15:20,3.9065635118615054,167
M5,CONFIRM,EDT,15:25,3.8034796977977123,167
M5,CONFIRM,EDT,15:30,4.1580929706812615,167
M5,CONFIRM,EDT,15:35,3.948314722805201,167
M5,CONFIRM,EDT,15:40,4.458682190580737,167
M5,CONFIRM,EDT,15:45,3.921911008109971,167
M5,CONFIRM,EDT,15:50,3.771028263107687,167
M5,CONFIRM,EDT,15:55,3.6008308509289986,167
M5,CONFIRM,EDT,16:00,3.914017084544875,167
M5,CONFIRM,EDT,16:05,3.2735383249490395,167
M5,CONFIRM,EDT,16:10,3.8601878006006474,167
M5,CONFIRM,EDT,16:15,3.3246761771311584,167
M5,CONFIRM,EDT,16:20,3.637268907974192,167
M5,CONFIRM,EDT,16:25,3.088767370968412,167
M5,CONFIRM,EDT,16:30,3.6544718551218023,167
M5,CONFIRM,EDT,16:35,3.6258916053347074,167
M5,CONFIRM,EDT,16:40,3.3462470834667064,167
M5,CONFIRM,EDT,16:45,3.2311913887608674,167
M5,CONFIRM,EDT,16:50,3.74556887551357,167
M5,CONFIRM,EDT,16:55,3.804024431770638,167
M5,CONFIRM,EDT,17:00,3.926674051515579,167
M5,CONFIRM,EDT,17:05,3.1580179649659468,167
M5,CONFIRM,EDT,17:10,3.2332905467816744,167
M5,CONFIRM,EDT,17:15,3.025266334671808,167
M5,CONFIRM,EDT,17:20,2.440060021297912,167
M5,CONFIRM,EDT,17:25,2.871236617516989,167
M5,CONFIRM,EDT,17:30,2.7496773727283816,167
M5,CONFIRM,EDT,17:35,2.1015946084593313,167
M5,CONFIRM,EDT,17:40,2.188138399499446,167
M5,CONFIRM,EDT,17:45,2.2904501603434477,167
M5,CONFIRM,EDT,17:50,2.2675625276925127,167
M5,CONFIRM,EDT,17:55,2.3304516030758884,167
M5,CONFIRM,EDT,18:00,2.199097737857449,167
M5,CONFIRM,EDT,18:05,2.0338498662982283,167
M5,CONFIRM,EDT,18:10,2.8784418112481753,167
M5,CONFIRM,EDT,18:15,2.9869726007204185,167
M5,CONFIRM,EDT,18:20,5.062219347751049,167
M5,CONFIRM,EST,09:05,7.489447479567704,82
M5,CONFIRM,EST,09:10,7.854632471441694,82
M5,CONFIRM,EST,09:15,6.189005907558408,82
M5,CONFIRM,EST,09:20,5.513573317774988,82
M5,CONFIRM,EST,09:25,5.277252122143509,82
M5,CONFIRM,EST,09:30,4.805890744299921,82
M5,CONFIRM,EST,09:35,5.064613414067281,82
M5,CONFIRM,EST,09:40,5.2309814307933395,82
M5,CONFIRM,EST,09:45,4.245227091886201,82
M5,CONFIRM,EST,09:50,5.000844076420065,82
M5,CONFIRM,EST,09:55,5.305267187191344,82
M5,CONFIRM,EST,10:00,7.795703384440117,82
M5,CONFIRM,EST,10:05,8.213770478370579,82
M5,CONFIRM,EST,10:10,7.474922068551185,82
M5,CONFIRM,EST,10:15,8.477224149390526,82
M5,CONFIRM,EST,10:20,8.017920597037882,82
M5,CONFIRM,EST,10:25,6.8554680745185905,82
M5,CONFIRM,EST,10:30,10.248206739746777,82
M5,CONFIRM,EST,10:35,8.145396222576888,82
M5,CONFIRM,EST,10:40,7.81140865659655,82
M5,CONFIRM,EST,10:45,6.800798761783793,82
M5,CONFIRM,EST,10:50,6.544120028287331,82
M5,CONFIRM,EST,10:55,6.156919625202188,82
M5,CONFIRM,EST,11:00,7.4956966902068585,82
M5,CONFIRM,EST,11:05,6.5400799443942494,82
M5,CONFIRM,EST,11:10,6.818705295879295,82
M5,CONFIRM,EST,11:15,7.33666016156618,82
M5,CONFIRM,EST,11:20,6.023077559101811,82
M5,CONFIRM,EST,11:25,7.460960511455644,82
M5,CONFIRM,EST,11:30,9.593613994647093,82
M5,CONFIRM,EST,11:35,7.963247158566585,82
M5,CONFIRM,EST,11:40,7.501102378977248,82
M5,CONFIRM,EST,11:45,6.233285132578308,82
M5,CONFIRM,EST,11:50,7.2209460825694185,82
M5,CONFIRM,EST,11:55,5.511248618847699,82
M5,CONFIRM,EST,12:00,10.310133844174878,82
M5,CONFIRM,EST,12:05,6.062944233413936,82
M5,CONFIRM,EST,12:10,5.641291248984953,82
M5,CONFIRM,EST,12:15,5.215484526493492,82
M5,CONFIRM,EST,12:20,5.273113833142237,82
M5,CONFIRM,EST,12:25,5.414205996627325,82
M5,CONFIRM,EST,12:30,4.981190882306601,82
M5,CONFIRM,EST,12:35,5.9263005855543875,82
M5,CONFIRM,EST,12:40,5.392292941051063,82
M5,CONFIRM,EST,12:45,5.0586971158515555,82
M5,CONFIRM,EST,12:50,4.55077178264769,82
M5,CONFIRM,EST,12:55,4.526218766096886,82
M5,CONFIRM,EST,13:00,5.400044059513258,82
M5,CONFIRM,EST,13:05,4.573575580742613,82
M5,CONFIRM,EST,13:10,4.0415443551665735,82
M5,CONFIRM,EST,13:15,4.191774041393205,82
M5,CONFIRM,EST,13:20,4.404102490650973,82
M5,CONFIRM,EST,13:25,4.536991459071575,82
M5,CONFIRM,EST,13:30,4.8904978866681095,82
M5,CONFIRM,EST,13:35,4.893566065366113,82
M5,CONFIRM,EST,13:40,4.39376199305845,82
M5,CONFIRM,EST,13:45,5.38763666315124,82
M5,CONFIRM,EST,13:50,5.2340946037091385,82
M5,CONFIRM,EST,13:55,4.427135087059525,82
M5,CONFIRM,EST,14:00,4.192025626596607,82
M5,CONFIRM,EST,14:05,4.328916765712857,82
M5,CONFIRM,EST,14:10,4.054637343065345,82
M5,CONFIRM,EST,14:15,4.708018330726248,82
M5,CONFIRM,EST,14:20,4.5395551850626825,82
M5,CONFIRM,EST,14:25,4.045930241243548,82
M5,CONFIRM,EST,14:30,3.915978630239473,82
M5,CONFIRM,EST,14:35,4.442187265657361,82
M5,CONFIRM,EST,14:40,4.859270846570996,82
M5,CONFIRM,EST,14:45,4.620770436847087,82
M5,CONFIRM,EST,14:50,5.017127588131354,82
M5,CONFIRM,EST,14:55,4.741507759221569,82
M5,CONFIRM,EST,15:00,5.514942931815176,82
M5,CONFIRM,EST,15:05,4.287944688668931,82
M5,CONFIRM,EST,15:10,4.292721186169924,82
M5,CONFIRM,EST,15:15,4.251359877523697,82
M5,CONFIRM,EST,15:20,5.41609679401417,82
M5,CONFIRM,EST,15:25,4.013899030098647,82
M5,CONFIRM,EST,15:30,4.039401323711624,82
M5,CONFIRM,EST,15:35,3.882999660123079,82
M5,CONFIRM,EST,15:40,4.395184396000303,82
M5,CONFIRM,EST,15:45,3.8279397670031057,82
M5,CONFIRM,EST,15:50,4.383485295601143,82
M5,CONFIRM,EST,15:55,4.1619702910811185,82
M5,CONFIRM,EST,16:00,4.306601904736234,82
M5,CONFIRM,EST,16:05,4.266693492565763,82
M5,CONFIRM,EST,16:10,4.656582504203053,82
M5,CONFIRM,EST,16:15,3.7392373296590433,82
M5,CONFIRM,EST,16:20,4.2027274217443775,82
M5,CONFIRM,EST,16:25,3.9322899366141355,82
M5,CONFIRM,EST,16:30,6.1918578463995235,82
M5,CONFIRM,EST,16:35,5.1212122413177905,82
M5,CONFIRM,EST,16:40,4.841134922272631,82
M5,CONFIRM,EST,16:45,4.747085515904926,82
M5,CONFIRM,EST,16:50,4.241860611992569,82
M5,CONFIRM,EST,16:55,3.875516479927701,82
M5,CONFIRM,EST,17:00,4.936498744527593,82
M5,CONFIRM,EST,17:05,3.795287750086876,82
M5,CONFIRM,EST,17:10,3.691232542389737,82
M5,CONFIRM,EST,17:15,4.189736502698014,82
M5,CONFIRM,EST,17:20,4.841541206077333,82
M5,CONFIRM,EST,17:25,4.785121796318081,82
M5,CONFIRM,EST,17:30,4.846450039877848,82
M5,CONFIRM,EST,17:35,4.7461829571953675,82
M5,CONFIRM,EST,17:40,4.211645847259908,82
M5,CONFIRM,EST,17:45,4.550922792561383,82
M5,CONFIRM,EST,17:50,4.787872041022278,82
M5,CONFIRM,EST,17:55,4.8551002505562755,82
M5,CONFIRM,EST,18:00,4.887601679900054,82
M5,CONFIRM,EST,18:05,4.13433985271069,82
M5,CONFIRM,EST,18:10,4.309419951230102,82
M5,CONFIRM,EST,18:15,4.9599534262720555,82
M5,CONFIRM,EST,18:20,6.469789606989025,82
