date,pos,ret,equity,window
2019-01-02,0,0.0,1.0,CONFIRM
2019-01-03,0,0.0,1.0,CONFIRM
2019-01-04,0,0.0,1.0,CONFIRM
2019-01-07,0,0.0,1.0,CONFIRM
2019-01-08,0,0.0,1.0,CONFIRM
2019-01-09,0,0.0,1.0,CONFIRM
2019-01-10,0,0.0,1.0,CONFIRM
2019-01-11,0,0.0,1.0,CONFIRM
2019-01-14,0,0.0,1.0,CONFIRM
2019-01-15,0,0.0,1.0,CONFIRM
2019-01-16,0,0.0,1.0,CONFIRM
2019-01-17,0,0.0,1.0,CONFIRM
2019-01-18,0,0.0,1.0,CONFIRM
2019-01-21,0,0.0,1.0,CONFIRM
2019-01-22,0,0.0,1.0,CONFIRM
2019-01-23,0,0.0,1.0,CONFIRM
2019-01-24,0,0.0,1.0,CONFIRM
2019-01-28,0,0.0,1.0,CONFIRM
2019-01-29,0,0.0,1.0,CONFIRM
2019-01-30,0,0.0,1.0,CONFIRM
2019-01-31,0,0.0,1.0,CONFIRM
2019-02-01,0,0.0,1.0,CONFIRM
2019-02-04,0,0.0,1.0,CONFIRM
2019-02-05,0,0.0,1.0,CONFIRM
2019-02-06,0,0.0,1.0,CONFIRM
2019-02-07,0,0.0,1.0,CONFIRM
2019-02-08,0,0.0,1.0,CONFIRM
2019-02-11,0,0.0,1.0,CONFIRM
2019-02-12,0,0.0,1.0,CONFIRM
2019-02-13,0,0.0,1.0,CONFIRM
2019-02-14,0,0.0,1.0,CONFIRM
2019-02-15,0,0.0,1.0,CONFIRM
2019-02-18,0,0.0,1.0,CONFIRM
2019-02-19,0,0.0,1.0,CONFIRM
2019-02-20,0,0.0,1.0,CONFIRM
2019-02-21,0,0.0,1.0,CONFIRM
2019-02-22,0,0.0,1.0,CONFIRM
2019-02-25,0,0.0,1.0,CONFIRM
2019-02-26,0,0.0,1.0,CONFIRM
2019-02-27,0,0.0,1.0,CONFIRM
2019-02-28,0,0.0,1.0,CONFIRM
2019-03-01,0,0.0,1.0,CONFIRM
2019-03-06,0,0.0,1.0,CONFIRM
2019-03-07,0,0.0,1.0,CONFIRM
2019-03-08,0,0.0,1.0,CONFIRM
2019-03-11,0,0.0,1.0,CONFIRM
2019-03-12,0,0.0,1.0,CONFIRM
2019-03-13,0,0.0,1.0,CONFIRM
2019-03-14,0,0.0,1.0,CONFIRM
2019-03-15,0,0.0,1.0,CONFIRM
2019-03-18,0,0.0,1.0,CONFIRM
2019-03-19,0,0.0,1.0,CONFIRM
2019-03-20,0,0.0,1.0,CONFIRM
2019-03-21,0,0.0,1.0,CONFIRM
2019-03-22,0,0.0,1.0,CONFIRM
2019-03-25,0,0.0,1.0,CONFIRM
2019-03-26,0,0.0,1.0,CONFIRM
2019-03-27,0,0.0,1.0,CONFIRM
2019-03-28,0,0.0,1.0,CONFIRM
2019-03-29,0,0.0,1.0,CONFIRM
2019-04-01,0,0.0,1.0,CONFIRM
2019-04-02,0,0.0,1.0,CONFIRM
2019-04-03,0,0.0,1.0,CONFIRM
2019-04-04,0,0.0,1.0,CONFIRM
2019-04-05,0,0.0,1.0,CONFIRM
2019-04-08,0,0.0,1.0,CONFIRM
2019-04-09,0,0.0,1.0,CONFIRM
2019-04-10,0,0.0,1.0,CONFIRM
2019-04-11,0,0.0,1.0,CONFIRM
2019-04-12,0,0.0,1.0,CONFIRM
2019-04-15,0,0.0,1.0,CONFIRM
2019-04-16,0,0.0,1.0,CONFIRM
2019-04-17,0,0.0,1.0,CONFIRM
2019-04-18,0,0.0,1.0,CONFIRM
2019-04-22,0,0.0,1.0,CONFIRM
2019-04-23,0,0.0,1.0,CONFIRM
2019-04-24,0,0.0,1.0,CONFIRM
2019-04-25,0,0.0,1.0,CONFIRM
2019-04-26,0,0.0,1.0,CONFIRM
2019-04-29,0,0.0,1.0,CONFIRM
2019-04-30,0,0.0,1.0,CONFIRM
2019-05-02,0,0.0,1.0,CONFIRM
2019-05-03,0,0.0,1.0,CONFIRM
2019-05-06,0,0.0,1.0,CONFIRM
2019-05-07,0,0.0,1.0,CONFIRM
2019-05-08,0,0.0,1.0,CONFIRM
2019-05-09,0,0.0,1.0,CONFIRM
2019-05-10,0,0.0,1.0,CONFIRM
2019-05-13,0,0.0,1.0,CONFIRM
2019-05-14,0,0.0,1.0,CONFIRM
2019-05-15,0,0.0,1.0,CONFIRM
2019-05-16,0,0.0,1.0,CONFIRM
2019-05-17,0,0.0,1.0,CONFIRM
2019-05-20,0,0.0,1.0,CONFIRM
2019-05-21,0,0.0,1.0,CONFIRM
2019-05-22,0,0.0,1.0,CONFIRM
2019-05-23,0,0.0,1.0,CONFIRM
2019-05-24,0,0.0,1.0,CONFIRM
2019-05-27,0,0.0,1.0,CONFIRM
2019-05-28,0,0.0,1.0,CONFIRM
2019-05-29,0,0.0,1.0,CONFIRM
2019-05-30,0,0.0,1.0,CONFIRM
2019-05-31,0,0.0,1.0,CONFIRM
2019-06-03,0,0.0,1.0,CONFIRM
2019-06-04,0,0.0,1.0,CONFIRM
2019-06-05,0,0.0,1.0,CONFIRM
2019-06-06,0,0.0,1.0,CONFIRM
2019-06-07,0,0.0,1.0,CONFIRM
2019-06-10,0,0.0,1.0,CONFIRM
2019-06-11,0,0.0,1.0,CONFIRM
2019-06-12,0,0.0,1.0,CONFIRM
2019-06-13,0,0.0,1.0,CONFIRM
2019-06-14,0,0.0,1.0,CONFIRM
2019-06-17,0,0.0,1.0,CONFIRM
2019-06-18,0,0.0,1.0,CONFIRM
2019-06-19,0,0.0,1.0,CONFIRM
2019-06-21,0,0.0,1.0,CONFIRM
2019-06-24,0,0.0,1.0,CONFIRM
2019-06-25,0,0.0,1.0,CONFIRM
2019-06-26,0,0.0,1.0,CONFIRM
2019-06-27,0,0.0,1.0,CONFIRM
2019-06-28,0,0.0,1.0,CONFIRM
2019-07-01,0,0.0,1.0,CONFIRM
2019-07-02,0,0.0,1.0,CONFIRM
2019-07-03,0,0.0,1.0,CONFIRM
2019-07-04,0,0.0,1.0,CONFIRM
2019-07-05,0,0.0,1.0,CONFIRM
2019-07-08,0,0.0,1.0,CONFIRM
2019-07-10,0,0.0,1.0,CONFIRM
2019-07-11,0,0.0,1.0,CONFIRM
2019-07-12,0,0.0,1.0,CONFIRM
2019-07-15,0,0.0,1.0,CONFIRM
2019-07-16,0,0.0,1.0,CONFIRM
2019-07-17,0,0.0,1.0,CONFIRM
2019-07-18,0,0.0,1.0,CONFIRM
2019-07-19,0,0.0,1.0,CONFIRM
2019-07-22,0,0.0,1.0,CONFIRM
2019-07-23,0,0.0,1.0,CONFIRM
2019-07-24,0,0.0,1.0,CONFIRM
2019-07-25,0,0.0,1.0,CONFIRM
2019-07-26,0,0.0,1.0,CONFIRM
2019-07-29,0,0.0,1.0,CONFIRM
2019-07-30,0,0.0,1.0,CONFIRM
2019-07-31,0,0.0,1.0,CONFIRM
2019-08-01,0,0.0,1.0,CONFIRM
2019-08-02,0,0.0,1.0,CONFIRM
2019-08-05,0,0.0,1.0,CONFIRM
2019-08-06,0,0.0,1.0,CONFIRM
2019-08-07,0,0.0,1.0,CONFIRM
2019-08-08,0,0.0,1.0,CONFIRM
2019-08-09,0,0.0,1.0,CONFIRM
2019-08-12,0,0.0,1.0,CONFIRM
2019-08-13,0,0.0,1.0,CONFIRM
2019-08-14,0,0.0,1.0,CONFIRM
2019-08-15,0,0.0,1.0,CONFIRM
2019-08-16,0,0.0,1.0,CONFIRM
2019-08-19,0,0.0,1.0,CONFIRM
2019-08-20,0,0.0,1.0,CONFIRM
2019-08-21,0,0.0,1.0,CONFIRM
2019-08-22,0,0.0,1.0,CONFIRM
2019-08-23,0,0.0,1.0,CONFIRM
2019-08-26,0,0.0,1.0,CONFIRM
2019-08-27,0,0.0,1.0,CONFIRM
2019-08-28,0,0.0,1.0,CONFIRM
2019-08-29,0,0.0,1.0,CONFIRM
2019-08-30,0,0.0,1.0,CONFIRM
2019-09-02,0,0.0,1.0,CONFIRM
2019-09-03,0,0.0,1.0,CONFIRM
2019-09-04,0,0.0,1.0,CONFIRM
2019-09-05,0,0.0,1.0,CONFIRM
2019-09-06,0,0.0,1.0,CONFIRM
2019-09-09,0,0.0,1.0,CONFIRM
2019-09-10,0,0.0,1.0,CONFIRM
2019-09-11,0,0.0,1.0,CONFIRM
2019-09-12,0,0.0,1.0,CONFIRM
2019-09-13,0,0.0,1.0,CONFIRM
2019-09-16,0,0.0,1.0,CONFIRM
2019-09-17,0,0.0,1.0,CONFIRM
2019-09-18,0,0.0,1.0,CONFIRM
2019-09-19,0,0.0,1.0,CONFIRM
2019-09-20,0,0.0,1.0,CONFIRM
2019-09-23,0,0.0,1.0,CONFIRM
2019-09-24,0,0.0,1.0,CONFIRM
2019-09-25,0,0.0,1.0,CONFIRM
2019-09-26,0,0.0,1.0,CONFIRM
2019-09-27,0,0.0,1.0,CONFIRM
2019-09-30,0,0.0,1.0,CONFIRM
2019-10-01,0,0.0,1.0,CONFIRM
2019-10-02,0,0.0,1.0,CONFIRM
2019-10-03,0,0.0,1.0,CONFIRM
2019-10-04,0,0.0,1.0,CONFIRM
2019-10-07,0,0.0,1.0,CONFIRM
2019-10-08,0,0.0,1.0,CONFIRM
2019-10-09,0,0.0,1.0,CONFIRM
2019-10-10,0,0.0,1.0,CONFIRM
2019-10-11,0,0.0,1.0,CONFIRM
2019-10-14,0,0.0,1.0,CONFIRM
2019-10-15,0,0.0,1.0,CONFIRM
2019-10-16,0,0.0,1.0,CONFIRM
2019-10-17,0,0.0,1.0,CONFIRM
2019-10-18,0,0.0,1.0,CONFIRM
2019-10-21,0,0.0,1.0,CONFIRM
2019-10-22,0,0.0,1.0,CONFIRM
2019-10-23,0,0.0,1.0,CONFIRM
2019-10-24,0,0.0,1.0,CONFIRM
2019-10-25,0,0.0,1.0,CONFIRM
2019-10-28,0,0.0,1.0,CONFIRM
2019-10-29,0,0.0,1.0,CONFIRM
2019-10-30,0,0.0,1.0,CONFIRM
2019-10-31,0,0.0,1.0,CONFIRM
2019-11-01,0,0.0,1.0,CONFIRM
2019-11-04,0,0.0,1.0,CONFIRM
2019-11-05,0,0.0,1.0,CONFIRM
2019-11-06,0,0.0,1.0,CONFIRM
2019-11-07,0,0.0,1.0,CONFIRM
2019-11-08,0,0.0,1.0,CONFIRM
2019-11-11,0,0.0,1.0,CONFIRM
2019-11-12,0,0.0,1.0,CONFIRM
2019-11-13,0,0.0,1.0,CONFIRM
2019-11-14,0,0.0,1.0,CONFIRM
2019-11-18,0,0.0,1.0,CONFIRM
2019-11-19,0,0.0,1.0,CONFIRM
2019-11-21,0,0.0,1.0,CONFIRM
2019-11-22,0,0.0,1.0,CONFIRM
2019-11-25,0,0.0,1.0,CONFIRM
2019-11-26,0,0.0,1.0,CONFIRM
2019-11-27,0,0.0,1.0,CONFIRM
2019-11-28,0,0.0,1.0,CONFIRM
2019-11-29,0,0.0,1.0,CONFIRM
2019-12-02,0,0.0,1.0,CONFIRM
2019-12-03,0,0.0,1.0,CONFIRM
2019-12-04,0,0.0,1.0,CONFIRM
2019-12-05,0,0.0,1.0,CONFIRM
2019-12-06,0,0.0,1.0,CONFIRM
2019-12-09,0,0.0,1.0,CONFIRM
2019-12-10,0,0.0,1.0,CONFIRM
2019-12-11,0,0.0,1.0,CONFIRM
2019-12-12,0,0.0,1.0,CONFIRM
2019-12-13,0,0.0,1.0,CONFIRM
2019-12-16,0,0.0,1.0,CONFIRM
2019-12-17,0,0.0,1.0,CONFIRM
2019-12-18,0,0.0,1.0,CONFIRM
2019-12-19,0,0.0,1.0,CONFIRM
2019-12-20,0,0.0,1.0,CONFIRM
2019-12-23,0,0.0,1.0,CONFIRM
2019-12-26,0,0.0,1.0,CONFIRM
2019-12-27,0,0.0,1.0,CONFIRM
2019-12-30,0,0.0,1.0,CONFIRM
2020-01-02,0,0.0,1.0,CONFIRM
2020-01-03,0,0.0,1.0,CONFIRM
2020-01-06,0,0.0,1.0,CONFIRM
2020-01-07,0,0.0,1.0,CONFIRM
2020-01-08,0,0.0,1.0,CONFIRM
2020-01-09,0,0.0,1.0,CONFIRM
2020-01-10,0,0.0,1.0,CONFIRM
2020-01-13,0,0.0,1.0,CONFIRM
2020-01-14,0,0.0,1.0,CONFIRM
2020-01-15,0,0.0,1.0,CONFIRM
2020-01-16,0,0.0,1.0,CONFIRM
2020-01-17,0,0.0,1.0,CONFIRM
2020-01-20,0,0.0,1.0,CONFIRM
2020-01-21,0,0.0,1.0,CONFIRM
2020-01-22,0,0.0,1.0,CONFIRM
2020-01-23,0,0.0,1.0,CONFIRM
2020-01-24,0,0.0,1.0,CONFIRM
2020-01-27,0,0.0,1.0,CONFIRM
2020-01-28,0,0.0,1.0,CONFIRM
2020-01-29,0,0.0,1.0,CONFIRM
2020-01-30,0,0.0,1.0,CONFIRM
2020-01-31,0,0.0,1.0,CONFIRM
2020-02-03,0,0.0,1.0,CONFIRM
2020-02-04,0,0.0,1.0,CONFIRM
2020-02-05,0,0.0,1.0,CONFIRM
2020-02-06,0,0.0,1.0,CONFIRM
2020-02-07,0,0.0,1.0,CONFIRM
2020-02-10,0,0.0,1.0,CONFIRM
2020-02-11,0,0.0,1.0,CONFIRM
2020-02-12,0,0.0,1.0,CONFIRM
2020-02-13,0,0.0,1.0,CONFIRM
2020-02-14,0,0.0,1.0,CONFIRM
2020-02-17,0,0.0,1.0,CONFIRM
2020-02-18,0,0.0,1.0,CONFIRM
2020-02-19,0,0.0,1.0,CONFIRM
2020-02-20,0,0.0,1.0,CONFIRM
2020-02-21,0,0.0,1.0,CONFIRM
2020-02-26,0,0.0,1.0,CONFIRM
2020-02-27,0,0.0,1.0,CONFIRM
2020-02-28,0,0.0,1.0,CONFIRM
2020-03-02,0,0.0,1.0,CONFIRM
2020-03-03,0,0.0,1.0,CONFIRM
2020-03-04,0,0.0,1.0,CONFIRM
2020-03-05,0,0.0,1.0,CONFIRM
2020-03-06,0,0.0,1.0,CONFIRM
2020-03-09,0,0.0,1.0,CONFIRM
2020-03-10,0,0.0,1.0,CONFIRM
2020-03-11,0,0.0,1.0,CONFIRM
2020-03-12,0,0.0,1.0,CONFIRM
2020-03-13,0,0.0,1.0,CONFIRM
2020-03-16,0,0.0,1.0,CONFIRM
2020-03-17,0,0.0,1.0,CONFIRM
2020-03-18,0,0.0,1.0,CONFIRM
2020-03-19,0,0.0,1.0,CONFIRM
2020-03-20,0,0.0,1.0,CONFIRM
2020-03-23,0,0.0,1.0,CONFIRM
2020-03-24,0,0.0,1.0,CONFIRM
2020-03-25,0,0.0,1.0,CONFIRM
2020-03-26,0,0.0,1.0,CONFIRM
2020-03-27,0,0.0,1.0,CONFIRM
2020-03-30,0,0.0,1.0,CONFIRM
2020-03-31,0,0.0,1.0,CONFIRM
2020-04-01,0,0.0,1.0,CONFIRM
2020-04-02,0,0.0,1.0,CONFIRM
2020-04-03,0,0.0,1.0,CONFIRM
2020-04-06,0,0.0,1.0,CONFIRM
2020-04-07,0,0.0,1.0,CONFIRM
2020-04-08,0,0.0,1.0,CONFIRM
2020-04-09,0,0.0,1.0,CONFIRM
2020-04-13,0,0.0,1.0,CONFIRM
2020-04-14,0,0.0,1.0,CONFIRM
2020-04-15,0,0.0,1.0,CONFIRM
2020-04-16,0,0.0,1.0,CONFIRM
2020-04-17,0,0.0,1.0,CONFIRM
2020-04-20,0,0.0,1.0,CONFIRM
2020-04-22,0,0.0,1.0,CONFIRM
2020-04-23,0,0.0,1.0,CONFIRM
2020-04-24,0,0.0,1.0,CONFIRM
2020-04-27,0,0.0,1.0,CONFIRM
2020-04-28,0,0.0,1.0,CONFIRM
2020-04-29,0,0.0,1.0,CONFIRM
2020-04-30,0,0.0,1.0,CONFIRM
2020-05-04,0,0.0,1.0,CONFIRM
2020-05-05,0,0.0,1.0,CONFIRM
2020-05-06,0,0.0,1.0,CONFIRM
2020-05-07,0,0.0,1.0,CONFIRM
2020-05-08,0,0.0,1.0,CONFIRM
2020-05-11,0,0.0,1.0,CONFIRM
2020-05-12,0,0.0,1.0,CONFIRM
2020-05-13,0,0.0,1.0,CONFIRM
2020-05-14,0,0.0,1.0,CONFIRM
2020-05-15,0,0.0,1.0,CONFIRM
2020-05-18,0,0.0,1.0,CONFIRM
2020-05-19,0,0.0,1.0,CONFIRM
2020-05-20,0,0.0,1.0,CONFIRM
2020-05-21,0,0.0,1.0,CONFIRM
2020-05-22,0,0.0,1.0,CONFIRM
2020-05-25,0,0.0,1.0,CONFIRM
2020-05-26,0,0.0,1.0,CONFIRM
2020-05-27,0,0.0,1.0,CONFIRM
2020-05-28,0,0.0,1.0,CONFIRM
2020-05-29,0,0.0,1.0,CONFIRM
2020-06-01,0,0.0,1.0,CONFIRM
2020-06-02,0,0.0,1.0,CONFIRM
2020-06-03,0,0.0,1.0,CONFIRM
2020-06-04,0,0.0,1.0,CONFIRM
2020-06-05,0,0.0,1.0,CONFIRM
2020-06-08,0,0.0,1.0,CONFIRM
2020-06-09,0,0.0,1.0,CONFIRM
2020-06-10,0,0.0,1.0,CONFIRM
2020-06-12,0,0.0,1.0,CONFIRM
2020-06-15,0,0.0,1.0,CONFIRM
2020-06-16,0,0.0,1.0,CONFIRM
2020-06-17,0,0.0,1.0,CONFIRM
2020-06-18,0,0.0,1.0,CONFIRM
2020-06-19,0,0.0,1.0,CONFIRM
2020-06-22,0,0.0,1.0,CONFIRM
2020-06-23,0,0.0,1.0,CONFIRM
2020-06-24,0,0.0,1.0,CONFIRM
2020-06-25,0,0.0,1.0,CONFIRM
2020-06-26,0,0.0,1.0,CONFIRM
2020-06-29,0,0.0,1.0,CONFIRM
2020-06-30,0,0.0,1.0,CONFIRM
2020-07-01,0,0.0,1.0,CONFIRM
2020-07-02,0,0.0,1.0,CONFIRM
2020-07-03,0,0.0,1.0,CONFIRM
2020-07-06,0,0.0,1.0,CONFIRM
2020-07-07,0,0.0,1.0,CONFIRM
2020-07-08,0,0.0,1.0,CONFIRM
2020-07-09,0,0.0,1.0,CONFIRM
2020-07-10,0,0.0,1.0,CONFIRM
2020-07-13,0,0.0,1.0,CONFIRM
2020-07-14,0,0.0,1.0,CONFIRM
2020-07-15,0,0.0,1.0,CONFIRM
2020-07-16,0,0.0,1.0,CONFIRM
2020-07-17,0,0.0,1.0,CONFIRM
2020-07-20,0,0.0,1.0,CONFIRM
2020-07-21,0,0.0,1.0,CONFIRM
2020-07-22,0,0.0,1.0,CONFIRM
2020-07-23,0,0.0,1.0,CONFIRM
2020-07-24,0,0.0,1.0,CONFIRM
2020-07-27,0,0.0,1.0,CONFIRM
2020-07-28,0,0.0,1.0,CONFIRM
2020-07-29,0,0.0,1.0,CONFIRM
2020-07-30,0,0.0,1.0,CONFIRM
2020-07-31,0,0.0,1.0,CONFIRM
2020-08-03,0,0.0,1.0,CONFIRM
2020-08-04,0,0.0,1.0,CONFIRM
2020-08-05,0,0.0,1.0,CONFIRM
2020-08-06,0,0.0,1.0,CONFIRM
2020-08-07,0,0.0,1.0,CONFIRM
2020-08-10,0,0.0,1.0,CONFIRM
2020-08-11,0,0.0,1.0,CONFIRM
2020-08-12,0,0.0,1.0,CONFIRM
2020-08-13,0,0.0,1.0,CONFIRM
2020-08-14,0,0.0,1.0,CONFIRM
2020-08-17,0,0.0,1.0,CONFIRM
2020-08-18,0,0.0,1.0,CONFIRM
2020-08-19,0,0.0,1.0,CONFIRM
2020-08-20,0,0.0,1.0,CONFIRM
2020-08-21,0,0.0,1.0,CONFIRM
2020-08-24,0,0.0,1.0,CONFIRM
2020-08-25,0,0.0,1.0,CONFIRM
2020-08-26,0,0.0,1.0,CONFIRM
2020-08-27,0,0.0,1.0,CONFIRM
2020-08-28,0,0.0,1.0,CONFIRM
2020-08-31,0,0.0,1.0,CONFIRM
2020-09-01,0,0.0,1.0,CONFIRM
2020-09-02,0,0.0,1.0,CONFIRM
2020-09-03,0,0.0,1.0,CONFIRM
2020-09-04,0,0.0,1.0,CONFIRM
2020-09-08,0,0.0,1.0,CONFIRM
2020-09-09,0,0.0,1.0,CONFIRM
2020-09-10,0,0.0,1.0,CONFIRM
2020-09-11,0,0.0,1.0,CONFIRM
2020-09-14,0,0.0,1.0,CONFIRM
2020-09-15,0,0.0,1.0,CONFIRM
2020-09-16,0,0.0,1.0,CONFIRM
2020-09-17,0,0.0,1.0,CONFIRM
2020-09-18,0,0.0,1.0,CONFIRM
2020-09-21,0,0.0,1.0,CONFIRM
2020-09-22,0,0.0,1.0,CONFIRM
2020-09-23,0,0.0,1.0,CONFIRM
2020-09-24,0,0.0,1.0,CONFIRM
2020-09-25,0,0.0,1.0,CONFIRM
2020-09-28,0,0.0,1.0,CONFIRM
2020-09-29,0,0.0,1.0,CONFIRM
2020-09-30,0,0.0,1.0,CONFIRM
2020-10-01,0,0.0,1.0,CONFIRM
2020-10-02,0,0.0,1.0,CONFIRM
2020-10-05,0,0.0,1.0,CONFIRM
2020-10-06,0,0.0,1.0,CONFIRM
2020-10-07,0,0.0,1.0,CONFIRM
2020-10-08,0,0.0,1.0,CONFIRM
2020-10-09,0,0.0,1.0,CONFIRM
2020-10-13,0,0.0,1.0,CONFIRM
2020-10-14,0,0.0,1.0,CONFIRM
2020-10-15,0,0.0,1.0,CONFIRM
2020-10-16,0,0.0,1.0,CONFIRM
2020-10-19,0,0.0,1.0,CONFIRM
2020-10-20,0,0.0,1.0,CONFIRM
2020-10-21,0,0.0,1.0,CONFIRM
2020-10-22,0,0.0,1.0,CONFIRM
2020-10-23,0,0.0,1.0,CONFIRM
2020-10-26,0,0.0,1.0,CONFIRM
2020-10-27,0,0.0,1.0,CONFIRM
2020-10-28,0,0.0,1.0,CONFIRM
2020-10-29,0,0.0,1.0,CONFIRM
2020-10-30,0,0.0,1.0,CONFIRM
2020-11-03,0,0.0,1.0,CONFIRM
2020-11-04,0,0.0,1.0,CONFIRM
2020-11-05,0,0.0,1.0,CONFIRM
2020-11-06,0,0.0,1.0,CONFIRM
2020-11-09,0,0.0,1.0,CONFIRM
2020-11-10,0,0.0,1.0,CONFIRM
2020-11-11,0,0.0,1.0,CONFIRM
2020-11-12,0,0.0,1.0,CONFIRM
2020-11-13,0,0.0,1.0,CONFIRM
2020-11-16,0,0.0,1.0,CONFIRM
2020-11-17,0,0.0,1.0,CONFIRM
2020-11-18,0,0.0,1.0,CONFIRM
2020-11-19,0,0.0,1.0,CONFIRM
2020-11-23,0,0.0,1.0,CONFIRM
2020-11-24,0,0.0,1.0,CONFIRM
2020-11-25,0,0.0,1.0,CONFIRM
2020-11-26,0,0.0,1.0,CONFIRM
2020-11-27,0,0.0,1.0,CONFIRM
2020-11-30,0,0.0,1.0,CONFIRM
2020-12-01,0,0.0,1.0,CONFIRM
2020-12-02,0,0.0,1.0,CONFIRM
2020-12-03,0,0.0,1.0,CONFIRM
2020-12-04,0,0.0,1.0,CONFIRM
2020-12-07,0,0.0,1.0,CONFIRM
2020-12-08,0,0.0,1.0,CONFIRM
2020-12-09,0,0.0,1.0,CONFIRM
2020-12-10,0,0.0,1.0,CONFIRM
2020-12-11,0,0.0,1.0,CONFIRM
2020-12-14,0,0.0,1.0,CONFIRM
2020-12-15,0,0.0,1.0,CONFIRM
2020-12-16,0,0.0,1.0,CONFIRM
2020-12-17,0,0.0,1.0,CONFIRM
2020-12-18,0,0.0,1.0,CONFIRM
2020-12-21,0,0.0,1.0,CONFIRM
2020-12-22,0,0.0,1.0,CONFIRM
2020-12-23,0,0.0,1.0,CONFIRM
2020-12-28,0,0.0,1.0,CONFIRM
2020-12-29,0,0.0,1.0,CONFIRM
2020-12-30,0,0.0,1.0,CONFIRM
2021-01-04,0,0.0,1.0,CONFIRM
2021-01-05,0,0.0,1.0,CONFIRM
2021-01-06,0,0.0,1.0,CONFIRM
2021-01-07,0,0.0,1.0,CONFIRM
2021-01-08,0,0.0,1.0,CONFIRM
2021-01-11,0,0.0,1.0,CONFIRM
2021-01-12,0,0.0,1.0,CONFIRM
2021-01-13,0,0.0,1.0,CONFIRM
2021-01-14,0,0.0,1.0,CONFIRM
2021-01-15,0,0.0,1.0,CONFIRM
2021-01-18,0,0.0,1.0,CONFIRM
2021-01-19,0,0.0,1.0,CONFIRM
2021-01-20,0,0.0,1.0,CONFIRM
2021-01-21,0,0.0,1.0,CONFIRM
2021-01-22,0,0.0,1.0,CONFIRM
2021-01-26,0,0.0,1.0,CONFIRM
2021-01-27,0,0.0,1.0,CONFIRM
2021-01-28,0,0.0,1.0,CONFIRM
2021-01-29,0,0.0,1.0,CONFIRM
2021-02-01,0,0.0,1.0,CONFIRM
2021-02-02,0,0.0,1.0,CONFIRM
2021-02-03,0,0.0,1.0,CONFIRM
2021-02-04,0,0.0,1.0,CONFIRM
2021-02-05,0,0.0,1.0,CONFIRM
2021-02-08,0,0.0,1.0,CONFIRM
2021-02-09,0,0.0,1.0,CONFIRM
2021-02-10,0,0.0,1.0,CONFIRM
2021-02-11,0,0.0,1.0,CONFIRM
2021-02-12,0,0.0,1.0,CONFIRM
2021-02-17,0,0.0,1.0,CONFIRM
2021-02-18,0,0.0,1.0,CONFIRM
2021-02-19,0,0.0,1.0,CONFIRM
2021-02-22,0,0.0,1.0,CONFIRM
2021-02-23,0,0.0,1.0,CONFIRM
2021-02-24,0,0.0,1.0,CONFIRM
2021-02-25,0,0.0,1.0,CONFIRM
2021-02-26,0,0.0,1.0,CONFIRM
2021-03-01,0,0.0,1.0,CONFIRM
2021-03-02,0,0.0,1.0,CONFIRM
2021-03-03,0,0.0,1.0,CONFIRM
2021-03-04,0,0.0,1.0,CONFIRM
2021-03-05,0,0.0,1.0,CONFIRM
2021-03-08,0,0.0,1.0,CONFIRM
2021-03-09,0,0.0,1.0,CONFIRM
2021-03-10,0,0.0,1.0,CONFIRM
2021-03-11,0,0.0,1.0,CONFIRM
2021-03-12,0,0.0,1.0,CONFIRM
2021-03-15,0,0.0,1.0,CONFIRM
2021-03-16,0,0.0,1.0,CONFIRM
2021-03-17,0,0.0,1.0,CONFIRM
2021-03-18,0,0.0,1.0,CONFIRM
2021-03-19,0,0.0,1.0,CONFIRM
2021-03-22,0,0.0,1.0,CONFIRM
2021-03-23,0,0.0,1.0,CONFIRM
2021-03-24,0,0.0,1.0,CONFIRM
2021-03-25,0,0.0,1.0,CONFIRM
2021-03-26,0,0.0,1.0,CONFIRM
2021-03-29,0,0.0,1.0,CONFIRM
2021-03-30,0,0.0,1.0,CONFIRM
2021-03-31,0,0.0,1.0,CONFIRM
2021-04-01,0,0.0,1.0,CONFIRM
2021-04-05,0,0.0,1.0,CONFIRM
2021-04-06,0,0.0,1.0,CONFIRM
2021-04-07,0,0.0,1.0,CONFIRM
2021-04-08,0,0.0,1.0,CONFIRM
2021-04-09,0,0.0,1.0,CONFIRM
2021-04-12,0,0.0,1.0,CONFIRM
2021-04-13,0,0.0,1.0,CONFIRM
2021-04-14,0,0.0,1.0,CONFIRM
2021-04-15,0,0.0,1.0,CONFIRM
2021-04-16,0,0.0,1.0,CONFIRM
2021-04-19,0,0.0,1.0,CONFIRM
2021-04-20,0,0.0,1.0,CONFIRM
2021-04-22,0,0.0,1.0,CONFIRM
2021-04-23,0,0.0,1.0,CONFIRM
2021-04-26,0,0.0,1.0,CONFIRM
2021-04-27,0,0.0,1.0,CONFIRM
2021-04-28,0,0.0,1.0,CONFIRM
2021-04-29,0,0.0,1.0,CONFIRM
2021-04-30,0,0.0,1.0,CONFIRM
2021-05-03,0,0.0,1.0,CONFIRM
2021-05-04,0,0.0,1.0,CONFIRM
2021-05-05,0,0.0,1.0,CONFIRM
2021-05-06,0,0.0,1.0,CONFIRM
2021-05-07,0,0.0,1.0,CONFIRM
2021-05-10,0,0.0,1.0,CONFIRM
2021-05-11,0,0.0,1.0,CONFIRM
2021-05-12,0,0.0,1.0,CONFIRM
2021-05-13,0,0.0,1.0,CONFIRM
2021-05-14,0,0.0,1.0,CONFIRM
2021-05-17,0,0.0,1.0,CONFIRM
2021-05-18,0,0.0,1.0,CONFIRM
2021-05-19,0,0.0,1.0,CONFIRM
2021-05-20,0,0.0,1.0,CONFIRM
2021-05-21,0,0.0,1.0,CONFIRM
2021-05-24,0,0.0,1.0,CONFIRM
2021-05-25,0,0.0,1.0,CONFIRM
2021-05-26,0,0.0,1.0,CONFIRM
2021-05-27,0,0.0,1.0,CONFIRM
2021-05-28,0,0.0,1.0,CONFIRM
2021-05-31,0,0.0,1.0,CONFIRM
2021-06-01,0,0.0,1.0,CONFIRM
2021-06-02,0,0.0,1.0,CONFIRM
2021-06-04,0,0.0,1.0,CONFIRM
2021-06-07,0,0.0,1.0,CONFIRM
2021-06-08,0,0.0,1.0,CONFIRM
2021-06-09,0,0.0,1.0,CONFIRM
2021-06-10,0,0.0,1.0,CONFIRM
2021-06-11,0,0.0,1.0,CONFIRM
2021-06-14,0,0.0,1.0,CONFIRM
2021-06-15,0,0.0,1.0,CONFIRM
2021-06-16,0,0.0,1.0,CONFIRM
2021-06-17,0,0.0,1.0,CONFIRM
2021-06-18,0,0.0,1.0,CONFIRM
2021-06-21,0,0.0,1.0,CONFIRM
2021-06-22,0,0.0,1.0,CONFIRM
2021-06-23,0,0.0,1.0,CONFIRM
2021-06-24,0,0.0,1.0,CONFIRM
2021-06-25,0,0.0,1.0,CONFIRM
2021-06-28,0,0.0,1.0,CONFIRM
2021-06-29,0,0.0,1.0,CONFIRM
2021-06-30,0,0.0,1.0,CONFIRM
2021-07-01,0,0.0,1.0,CONFIRM
2021-07-02,0,0.0,1.0,CONFIRM
2021-07-05,0,0.0,1.0,CONFIRM
2021-07-06,0,0.0,1.0,CONFIRM
2021-07-07,0,0.0,1.0,CONFIRM
2021-07-08,0,0.0,1.0,CONFIRM
2021-07-12,0,0.0,1.0,CONFIRM
2021-07-13,0,0.0,1.0,CONFIRM
2021-07-14,0,0.0,1.0,CONFIRM
2021-07-15,0,0.0,1.0,CONFIRM
2021-07-16,0,0.0,1.0,CONFIRM
2021-07-19,0,0.0,1.0,CONFIRM
2021-07-20,0,0.0,1.0,CONFIRM
2021-07-21,0,0.0,1.0,CONFIRM
2021-07-22,0,0.0,1.0,CONFIRM
2021-07-23,0,0.0,1.0,CONFIRM
2021-07-26,0,0.0,1.0,CONFIRM
2021-07-27,0,0.0,1.0,CONFIRM
2021-07-28,0,0.0,1.0,CONFIRM
2021-07-29,0,0.0,1.0,CONFIRM
2021-07-30,0,0.0,1.0,CONFIRM
2021-08-02,0,0.0,1.0,CONFIRM
2021-08-03,0,0.0,1.0,CONFIRM
2021-08-04,0,0.0,1.0,CONFIRM
2021-08-05,0,0.0,1.0,CONFIRM
2021-08-06,0,0.0,1.0,CONFIRM
2021-08-09,0,0.0,1.0,CONFIRM
2021-08-10,0,0.0,1.0,CONFIRM
2021-08-11,0,0.0,1.0,CONFIRM
2021-08-12,0,0.0,1.0,CONFIRM
2021-08-13,0,0.0,1.0,CONFIRM
2021-08-16,0,0.0,1.0,CONFIRM
2021-08-17,0,0.0,1.0,CONFIRM
2021-08-18,0,0.0,1.0,CONFIRM
2021-08-19,0,0.0,1.0,CONFIRM
2021-08-20,0,0.0,1.0,CONFIRM
2021-08-23,0,0.0,1.0,CONFIRM
2021-08-24,0,0.0,1.0,CONFIRM
2021-08-25,0,0.0,1.0,CONFIRM
2021-08-26,0,0.0,1.0,CONFIRM
2021-08-27,0,0.0,1.0,CONFIRM
2021-08-30,0,0.0,1.0,CONFIRM
2021-08-31,0,0.0,1.0,CONFIRM
2021-09-01,0,0.0,1.0,CONFIRM
2021-09-02,0,0.0,1.0,CONFIRM
2021-09-03,0,0.0,1.0,CONFIRM
2021-09-06,0,0.0,1.0,CONFIRM
2021-09-08,0,0.0,1.0,CONFIRM
2021-09-09,0,0.0,1.0,CONFIRM
2021-09-10,0,0.0,1.0,CONFIRM
2021-09-13,0,0.0,1.0,CONFIRM
2021-09-14,0,0.0,1.0,CONFIRM
2021-09-15,0,0.0,1.0,CONFIRM
2021-09-16,0,0.0,1.0,CONFIRM
2021-09-17,0,0.0,1.0,CONFIRM
2021-09-20,0,0.0,1.0,CONFIRM
2021-09-21,0,0.0,1.0,CONFIRM
2021-09-22,0,0.0,1.0,CONFIRM
2021-09-23,0,0.0,1.0,CONFIRM
2021-09-24,0,0.0,1.0,CONFIRM
2021-09-27,0,0.0,1.0,CONFIRM
2021-09-28,0,0.0,1.0,CONFIRM
2021-09-29,0,0.0,1.0,CONFIRM
2021-09-30,0,0.0,1.0,CONFIRM
2021-10-01,0,0.0,1.0,CONFIRM
2021-10-04,0,0.0,1.0,CONFIRM
2021-10-05,0,0.0,1.0,CONFIRM
2021-10-06,0,0.0,1.0,CONFIRM
2021-10-07,0,0.0,1.0,CONFIRM
2021-10-08,0,0.0,1.0,CONFIRM
2021-10-11,0,0.0,1.0,CONFIRM
2021-10-13,0,0.0,1.0,CONFIRM
2021-10-14,0,0.0,1.0,CONFIRM
2021-10-15,0,0.0,1.0,CONFIRM
2021-10-18,0,0.0,1.0,CONFIRM
2021-10-19,0,0.0,1.0,CONFIRM
2021-10-20,0,0.0,1.0,CONFIRM
2021-10-21,0,0.0,1.0,CONFIRM
2021-10-22,0,0.0,1.0,CONFIRM
2021-10-25,0,0.0,1.0,CONFIRM
2021-10-26,0,0.0,1.0,CONFIRM
2021-10-27,0,0.0,1.0,CONFIRM
2021-10-28,0,0.0,1.0,CONFIRM
2021-10-29,1,-0.005243144052602139,0.9947568559473978,CONFIRM
2021-11-01,1,-0.004394690197859105,0.9903852077433126,CONFIRM
2021-11-03,1,0.0006717204932070657,0.9910504697835228,CONFIRM
2021-11-04,1,0.01316481297377236,1.004097463865792,CONFIRM
2021-11-05,1,0.008989117300341458,1.013123413749457,CONFIRM
2021-11-08,1,-0.002817941545957055,1.0102684911906705,CONFIRM
2021-11-09,1,0.012328183134404196,1.0227232661649874,CONFIRM
2021-11-10,1,0.006961620589298826,1.0298430775118765,CONFIRM
2021-11-11,1,0.00795907079986035,1.0380396714785396,CONFIRM
2021-11-12,1,-0.00023320935114457724,1.0377975909202917,CONFIRM
2021-11-16,1,-0.01028847840244907,1.0271202328199946,CONFIRM
2021-11-17,1,-0.0037512359720903794,1.0232672624549783,CONFIRM
2021-11-18,1,-0.008390158839641566,1.0146818875875758,CONFIRM
2021-11-19,1,-0.0017714925787888432,1.012884386153883,CONFIRM
2021-11-22,1,-0.0043399603248173236,1.0084885081043482,CONFIRM
2021-11-23,1,-0.010729740708336218,0.9976676879050517,CONFIRM
2021-11-24,1,0.007882510408399039,1.0055318138390867,CONFIRM
2021-11-25,1,0.005406202583889789,1.010967922529247,CONFIRM
2021-11-26,1,-0.001958882343094722,1.0089875553163692,CONFIRM
2021-11-29,1,-0.004245102349542459,1.0047042998746365,CONFIRM
2021-11-30,1,-0.0011593182440872225,1.0035395278498789,CONFIRM
2021-12-01,1,0.0008352836138746304,1.0043777679733672,CONFIRM
2021-12-02,1,-0.00286758812896127,1.0014976262089341,CONFIRM
2021-12-03,1,-0.0012603865474678584,1.0002353520735394,CONFIRM
2021-12-06,1,-0.007601924449256455,0.992631638495601,CONFIRM
2021-12-07,1,0.00847679085898611,1.0010459692951408,CONFIRM
2021-12-08,1,0.011487161056526023,1.01254514556942,CONFIRM
2021-12-09,1,0.004193099587452826,1.0167908482015846,CONFIRM
2021-12-10,1,-0.00626639366536143,1.0104192364714168,CONFIRM
2021-12-13,1,-0.007277925131866553,1.0030654809165802,CONFIRM
2021-12-14,1,-0.0015067761935264761,1.001554085729387,CONFIRM
2021-12-15,1,-0.011457150445290625,0.99007912989009,CONFIRM
2021-12-16,1,0.003209399021309662,0.9932566888805783,CONFIRM
2021-12-17,1,0.0004088233959029637,0.9936627554531298,CONFIRM
2021-12-20,1,-0.0013468204727730298,0.9923244701110534,CONFIRM
2021-12-21,1,-0.005217440039973059,0.9871470766880509,CONFIRM
2021-12-22,1,0.003319150377750197,0.990423566280535,CONFIRM
2021-12-23,1,0.00542592602342849,0.9957975312830333,CONFIRM
2021-12-27,1,0.004907219489982945,1.0006841283366221,CONFIRM
2021-12-28,1,0.0040808795155758805,1.0047677996975128,CONFIRM
2021-12-29,1,-0.002868456698433513,1.0018856667721003,CONFIRM
2021-12-30,1,0.01471540168289341,1.0166288167989852,CONFIRM
2022-01-03,1,-0.008692846419670401,1.0077914186287404,CONFIRM
2022-01-04,1,-0.007954920862607866,0.9997745176475336,CONFIRM
2022-01-05,1,0.002945337615482752,1.0027191911413618,CONFIRM
2022-01-06,1,-0.0069722685719943054,0.9957279636384313,CONFIRM
2022-01-07,1,0.005405044645847995,1.0011099177370164,CONFIRM
2022-01-10,1,0.0006381460117000754,1.0017487720382936,CONFIRM
2022-01-11,1,0.007124417378060449,1.008885648398254,CONFIRM
2022-01-12,1,0.013470578737683076,1.022475921962321,CONFIRM
2022-01-13,1,0.006902052052462399,1.0295331039980944,CONFIRM
2022-01-14,1,-0.0015257859967684633,1.0279622568048046,CONFIRM
2022-01-17,1,0.005596149937075451,1.0337148877235387,CONFIRM
2022-01-18,1,-0.002476610672818141,1.0311547783999515,CONFIRM
2022-01-19,1,0.004594846375747569,1.0358927761963173,CONFIRM
2022-01-20,1,0.015108146556549224,1.0515431960759618,CONFIRM
2022-01-21,1,-0.003999912560328184,1.04733711523825,CONFIRM
2022-01-24,1,-0.00901784327833201,1.0378923932734512,CONFIRM
2022-01-25,1,-0.0007723063845482985,1.037090822351652,CONFIRM
2022-01-26,1,0.012108444655715462,1.0496483791770472,CONFIRM
2022-01-27,1,0.009763534265381109,1.059896657093744,CONFIRM
2022-01-28,1,-0.002300214245587811,1.0574586677042461,CONFIRM
2022-01-31,1,0.007381639036099658,1.0652644458848337,CONFIRM
2022-02-01,1,0.014599251197430314,1.0808165091219977,CONFIRM
2022-02-02,1,-0.0024260255361400356,1.078194420670986,CONFIRM
2022-02-03,1,-0.0009101761269122133,1.0772130738491212,CONFIRM
2022-02-04,1,-0.004491696073604416,1.0723745601148778,CONFIRM
2022-02-07,1,0.007355482863942527,1.0802623928155308,CONFIRM
2022-02-08,1,0.004437167103568037,1.0850556975681538,CONFIRM
2022-02-09,1,-0.00029033254174101514,1.0847406705895482,CONFIRM
2022-02-10,1,0.012415168406339413,1.0982079086921228,CONFIRM
2022-02-11,1,0.0025808501860309667,1.1010422187775715,CONFIRM
2022-02-14,1,-0.0018962414216704116,1.0989543769153176,CONFIRM
2022-02-15,1,0.004710913129088364,1.104131455517797,CONFIRM
2022-02-16,1,0.005230787016824031,1.1099069320001864,CONFIRM
2022-02-17,1,0.0016517503454127913,1.1117402211584937,CONFIRM
2022-02-18,1,0.0047756101780136746,1.1170494590739652,CONFIRM
2022-02-21,1,0.0070543946658964424,1.1249295668195993,CONFIRM
2022-02-22,1,0.007961865065790915,1.1338861042391355,CONFIRM
2022-02-23,1,0.009639794015199906,1.1448165327206983,CONFIRM
2022-02-24,1,-0.020168402607109916,1.1217274119775116,CONFIRM
2022-02-25,1,-0.003906265740208995,1.1173456466182505,CONFIRM
2022-03-02,1,0.001307296013797562,1.1188063481281088,CONFIRM
2022-03-03,1,0.017297382711579243,1.138158769711825,CONFIRM
2022-03-04,1,-0.005134258477589386,1.1323151683995893,CONFIRM
2022-03-07,1,0.003919330063880596,1.136753085280886,CONFIRM
2022-03-08,1,-0.006013028222240672,1.1299177568973728,CONFIRM
2022-03-09,1,0.01628576528449913,1.1483193322769913,CONFIRM
2022-03-10,1,-0.007971482787453825,1.1391655244852448,CONFIRM
2022-03-11,1,0.005500388439619893,1.145431377366937,CONFIRM
2022-03-14,1,-0.007407426508452801,1.1369466786186153,CONFIRM
2022-03-15,1,-0.012776793187576711,1.122420146040603,CONFIRM
2022-03-16,1,0.0009189645699630177,1.123451610387427,CONFIRM
2022-03-17,1,0.010616117890165928,1.1353783051271968,CONFIRM
2022-03-18,1,0.007372348700118944,1.1437487098991446,CONFIRM
2022-03-21,1,0.01519712251144268,1.1611303991657864,CONFIRM
2022-03-22,1,0.009640202240390756,1.1723239310412101,CONFIRM
2022-03-23,1,0.010660838985082417,1.1848218877083994,CONFIRM
2022-03-24,1,0.013497609834816633,1.2008141512724384,CONFIRM
2022-03-25,1,0.0063478257422445806,1.2084367102535374,CONFIRM
2022-03-28,1,-0.002155589167540209,1.205831817171257,CONFIRM
2022-03-29,1,0.00916507935364775,1.2168833614627848,CONFIRM
2022-03-30,1,0.00018695472811481554,1.2171108635607744,CONFIRM
2022-03-31,1,0.0029240233454893654,1.220669724139875,CONFIRM
2022-04-01,1,0.008734698028802453,1.2313319055731384,CONFIRM
2022-04-04,1,0.01763722956836656,1.2530491890665862,CONFIRM
2022-04-05,1,-0.0044541646981655,1.247467901603581,CONFIRM
2022-04-06,1,-0.011801225635752914,1.232746251423398,CONFIRM
2022-04-07,1,-0.00926905108252684,1.2213198634471611,CONFIRM
2022-04-08,1,-0.0015003386256497919,1.219487470081758,CONFIRM
2022-04-11,1,0.01068947518514763,1.2325231511317953,CONFIRM
2022-04-12,1,0.011944386107817014,1.2472448835357368,CONFIRM
2022-04-13,1,-0.006637741228772801,1.2389659947499156,CONFIRM
2022-04-14,1,-0.006994185642205767,1.2303004365782546,CONFIRM
2022-04-18,1,0.009155189591999353,1.2415640703302482,CONFIRM
2022-04-19,1,0.0021727627342642635,1.244261694474463,CONFIRM
2022-04-20,1,0.006140357479341282,1.2519019060763872,CONFIRM
2022-04-22,1,-0.019604244354263882,1.227359315202097,CONFIRM
2022-04-25,1,-0.031107409121684075,1.1891793468447953,CONFIRM
2022-04-26,1,-0.016952040025866248,1.169020330959149,CONFIRM
2022-04-27,1,-0.009668781772817596,1.157717328491118,CONFIRM
2022-04-28,1,0.0015548070255032654,1.1595173555270029,CONFIRM
2022-04-29,1,0.01875825471437332,1.181267877427715,CONFIRM
2022-05-02,1,-0.021434989153609856,1.1559474132875442,CONFIRM
2022-05-03,1,0.002388124092657437,1.1587079591550613,CONFIRM
2022-05-04,1,0.0018936752057813278,1.1609021756880549,CONFIRM
2022-05-05,1,0.0012727151039262255,1.162379673421234,CONFIRM
2022-05-06,1,-0.013531480326713929,1.1466509557381623,CONFIRM
2022-05-09,1,-0.011191341160289314,1.1338183937007247,CONFIRM
2022-05-10,1,-0.0005396248903146825,1.1332065570743872,CONFIRM
2022-05-11,1,0.003275294256886763,1.1369181420026393,CONFIRM
2022-05-12,1,-0.004210171575807398,1.1321315215571601,CONFIRM
2022-05-13,1,0.008339950373429595,1.1415734422631423,CONFIRM
2022-05-16,1,0.008442106223423885,1.1512107265245675,CONFIRM
2022-05-17,1,0.01997400538918891,1.174205015780261,CONFIRM
2022-05-18,1,0.002125232007235234,1.1767004738628533,CONFIRM
2022-05-19,1,0.00837910441451727,1.186560169997962,CONFIRM
2022-05-20,1,0.008991533028396826,1.1972291649566786,CONFIRM
2022-05-23,1,0.01691745315052361,1.2174832332652739,CONFIRM
2022-05-24,1,-0.0023381182010282606,1.2146366135581297,CONFIRM
2022-05-25,1,-0.004824944620955629,1.2087760591631267,CONFIRM
2022-05-26,1,0.00854031484395711,1.2190993872842175,CONFIRM
2022-05-27,1,0.011546080636572132,1.2331752071137967,CONFIRM
2022-05-30,1,0.005030134113313755,1.2393782437907925,CONFIRM
2022-05-31,1,-0.0011118114692605483,1.238000288844594,CONFIRM
2022-06-01,1,-0.009631491219661125,1.2260764999326494,CONFIRM
2022-06-02,1,-0.001952410207796362,1.2236826956586417,CONFIRM
2022-06-03,1,-0.001173946119815483,1.2222461581061879,CONFIRM
2022-06-06,1,0.00287401102831385,1.2257589070438992,CONFIRM
2022-06-07,1,-0.02193241366363786,1.198875055642724,CONFIRM
2022-06-08,1,0.004482609265589621,1.2042491440754322,CONFIRM
2022-06-09,1,-0.0044927439346498345,1.19883876103758,CONFIRM
2022-06-10,1,-0.017645029190332073,1.1776852161045703,CONFIRM
2022-06-13,1,-0.023584507000402388,1.1499100908810818,CONFIRM
2022-06-14,1,-0.0028969032620454025,1.1465789125877495,CONFIRM
2022-06-15,1,0.0020748034785187277,1.1489578385039827,CONFIRM
2022-06-17,1,-0.003372620885877947,1.145082839300851,CONFIRM
2022-06-20,1,-0.005969696814312114,1.1382470419229531,CONFIRM
2022-06-21,1,0.0038886835944368647,1.1426733245212952,CONFIRM
2022-06-22,1,-0.00049084971919397,1.1421124436408234,CONFIRM
2022-06-23,1,-0.005867717356371677,1.1354108506323441,CONFIRM
2022-06-24,1,-0.00924321148608695,1.1249160080163514,CONFIRM
2022-06-27,1,0.002715409948619768,1.1279706161358807,CONFIRM
2022-06-28,1,0.001092763833219684,1.1292032216301284,CONFIRM
2022-06-29,1,-0.0012832215030133822,1.1277542037748607,CONFIRM
2022-06-30,1,-0.001720356951744301,1.1258140639905376,CONFIRM
2022-07-01,1,-0.014125091700165154,1.1099118370993357,CONFIRM
2022-07-04,1,0.0023794663399479277,1.1125528349560234,CONFIRM
2022-07-05,1,-0.01581119827477237,1.0949620414913737,CONFIRM
2022-07-06,1,-0.007407013274790736,1.086851643114655,CONFIRM
2022-07-07,1,0.012959033587650742,1.1009361900625714,CONFIRM
2022-07-08,1,0.010750558876031963,1.1127718693925934,CONFIRM
2022-07-11,1,-0.006942961547527354,1.1050459370922305,CONFIRM
2022-07-12,1,-0.011601415197387305,1.0922258403638376,CONFIRM
2022-07-13,1,0.002787560088020863,1.095270485523541,CONFIRM
2022-07-14,1,-0.010245801619941125,1.08404856140869,CONFIRM
2022-07-15,1,0.01057491584005546,1.09551228371212,CONFIRM
2022-07-18,1,0.0066985961553995,1.102850678083987,CONFIRM
2022-07-19,1,-0.003843972730250139,1.0986113501518944,CONFIRM
2022-07-20,1,-0.006701330073284301,1.09124919287227,CONFIRM
2022-07-21,1,-0.008087722465142083,1.0824234722600088,CONFIRM
2022-07-22,1,0.004586829089428118,1.0873883637296509,CONFIRM
2022-07-25,1,0.0073554267096927195,1.095386569144037,CONFIRM
2022-07-26,1,0.010321972714545519,1.1066931194226215,CONFIRM
2022-07-27,1,0.010383645348706644,1.11818462828456,CONFIRM
2022-07-28,1,0.017821747999671872,1.1381126329469542,CONFIRM
2022-07-29,1,0.0054752329091685425,1.1443440646892058,CONFIRM
2022-08-01,1,0.005751358482940311,1.1509255976330584,CONFIRM
2022-08-02,1,-0.01361674689977474,1.135253735069617,CONFIRM
2022-08-03,1,-0.00948654702667559,1.12448409712467,CONFIRM
2022-08-04,1,0.008680072765257814,1.1342447009110872,CONFIRM
2022-08-05,1,0.00506645084596344,1.1399912959355478,CONFIRM
2022-08-08,1,0.018008768263650582,1.1605211350066298,CONFIRM
2022-08-09,1,0.0008595686969898612,1.1615186826464767,CONFIRM
2022-08-10,1,0.014603327922264571,1.178480720857,CONFIRM
2022-08-11,1,-0.012065226735024663,1.164262083757005,CONFIRM
2022-08-12,1,0.0024449121908607114,1.1671086023189394,CONFIRM
2022-08-15,1,0.002331464365886356,1.1698296744363654,CONFIRM
2022-08-16,1,-0.007738477139504289,1.1607769742436258,CONFIRM
2022-08-17,1,-0.00823746556535179,1.1512151138892408,CONFIRM
2022-08-18,1,0.0006231827625351198,1.1519325313041866,CONFIRM
2022-08-19,1,-0.0032204744211500585,1.148222762052231,CONFIRM
2022-08-22,1,0.005260553127116015,1.1542630488937704,CONFIRM
2022-08-23,1,0.013541938328526877,1.1698940079167872,CONFIRM
2022-08-24,1,1.8835619717357155e-05,1.1699160435954299,CONFIRM
2022-08-25,1,-0.0019986406089530766,1.1675778018816343,CONFIRM
2022-08-26,1,0.0056869818191480365,1.174217795613376,CONFIRM
2022-08-29,1,0.00974223552458828,1.1856573019354042,CONFIRM
2022-08-30,1,-0.003337155885861613,1.1817005786916357,CONFIRM
2022-08-31,1,-0.022763270502124483,1.154801208766361,CONFIRM
2022-09-01,1,-0.003779236131555534,1.1504369423134273,CONFIRM
2022-09-02,1,0.002891197263583641,1.1537630824529694,CONFIRM
2022-09-05,1,0.00411175272364492,1.1585070709496865,CONFIRM
2022-09-06,1,-0.010075636700359296,1.146834374588,CONFIRM
2022-09-08,1,0.001808479636888323,1.148908401201326,CONFIRM
2022-09-09,1,0.010419390065266128,1.1608793259827037,CONFIRM
2022-09-12,1,0.009126118395648893,1.1714736481546828,CONFIRM
2022-09-13,1,-0.011526795454533193,1.157970311032028,CONFIRM
2022-09-14,1,0.0007969070509034908,1.1588931057376264,CONFIRM
2022-09-15,1,-0.008029768058181034,1.1495874628943281,CONFIRM
2022-09-16,1,-0.012440935980493477,1.135285518864482,CONFIRM
2022-09-19,1,0.010149425376925288,1.1468080145197008,CONFIRM
2022-09-20,1,0.013052311004730451,1.1617765093879295,CONFIRM
2022-09-21,1,0.0006621882986566922,1.1625458241981004,CONFIRM
2022-09-22,1,0.0006719609903140537,1.1633270096414141,CONFIRM
2022-09-23,1,-0.010841781047643244,1.1507144729160723,CONFIRM
2022-09-26,1,-0.0243230435424521,1.122725594686405,CONFIRM
2022-09-27,1,0.0011287740433810493,1.1239928981955265,CONFIRM
2022-09-28,1,-0.0012254556094920806,1.1226154947934035,CONFIRM
2022-09-29,1,-0.005626354547397487,1.1162992619992937,CONFIRM
2022-09-30,1,-0.0024003248058185583,1.11361978119,CONFIRM
2022-10-03,1,0.03855734389215457,1.1565580020584485,CONFIRM
2022-10-04,1,0.01174672819364095,1.1701437745488095,CONFIRM
2022-10-05,1,-0.013875868449612664,1.153907013466037,CONFIRM
2022-10-06,1,0.0029707650426498994,1.1573350000841103,CONFIRM
2022-10-07,1,-0.003694436886105072,1.153059298970219,CONFIRM
2022-10-10,1,0.005743608308864086,1.1596820199403974,CONFIRM
2022-10-11,1,-0.002063301228248852,1.1572892466042763,CONFIRM
2022-10-13,1,-0.01784438509158473,1.1366381316255196,CONFIRM
2022-10-14,1,0.004022122468787722,1.1412098293936115,CONFIRM
2022-10-17,1,0.002483098274538716,1.1440435655518655,CONFIRM
2022-10-18,1,0.000685311130033535,1.1448275913405814,CONFIRM
2022-10-19,1,-0.0017246010758410742,1.142853220444903,CONFIRM
2022-10-20,1,0.01234966434561366,1.156967074113701,CONFIRM
2022-10-21,1,0.0053074169995027416,1.163107580830717,CONFIRM
2022-10-24,1,-0.01550835586724855,1.1450696945552996,CONFIRM
2022-10-25,1,-0.0061971666767991745,1.1379735068015888,CONFIRM
2022-10-26,1,-0.002575406025524222,1.135042762975285,CONFIRM
2022-10-27,1,0.004982892470467988,1.1406985590125738,CONFIRM
2022-10-28,1,-0.008127171631831546,1.1314279060432957,CONFIRM
2022-10-31,1,0.016919364408462506,1.1505709470875458,CONFIRM
2022-11-01,1,0.020735594653957662,1.1744287198669732,CONFIRM
2022-11-03,1,0.0032850475521237505,1.178286774058316,CONFIRM
2022-11-04,1,0.01961336432292901,1.2013969418348105,CONFIRM
2022-11-07,1,-0.010091788741127953,1.1892726977035764,CONFIRM
2022-11-08,1,-0.016508210478677482,1.1696399336933412,CONFIRM
2022-11-09,1,0.0025754886182237386,1.1726523280299883,CONFIRM
2022-11-10,1,-0.027441447886674603,1.1404730502811657,CONFIRM
2022-11-11,1,0.0005979959024578778,1.1411550484920974,CONFIRM
2022-11-14,1,0.0010693005872594878,1.142375286255604,CONFIRM
2022-11-16,1,-0.003249881140032688,1.1386627023579625,CONFIRM
2022-11-17,1,-0.026919376817749724,1.1080106120048714,CONFIRM
2022-11-18,1,0.021906389011747324,1.1322831235005943,CONFIRM
2022-11-21,1,0.004429527594446566,1.1372986028408665,CONFIRM
2022-11-22,1,-0.0011490848257031101,1.1359917502740486,CONFIRM
2022-11-23,1,-0.010727064025098846,1.123805894036875,CONFIRM
2022-11-24,1,0.014834744300335575,1.140477267118122,CONFIRM
2022-11-25,1,-0.006401586853769818,1.1331764028379154,CONFIRM
2022-11-28,1,-0.005029364012139407,1.1274772462180769,CONFIRM
2022-11-29,1,0.013736903430533883,1.1429652922694988,CONFIRM
2022-11-30,1,0.0028965312132156213,1.1462759269141796,CONFIRM
2022-12-01,1,0.019109737906269547,1.1681809594457757,CONFIRM
2022-12-02,1,-0.0001474917833283169,1.168008662352817,CONFIRM
2022-12-05,1,-0.009074782101314098,1.1574092382495178,CONFIRM
2022-12-06,1,0.0016491355851197835,1.1593179630108614,CONFIRM
2022-12-07,1,0.003941068874436212,1.1638869149504583,CONFIRM
2022-12-08,1,0.0025940445737457647,1.1669060894866392,CONFIRM
2022-12-09,1,-0.005502129406495996,1.1604856211770556,CONFIRM
2022-12-12,1,-0.012434226949672582,1.1460558795915083,CONFIRM
2022-12-13,1,0.007834258481616648,1.1550343775866048,CONFIRM
2022-12-14,1,-0.013640042223609065,1.1392796599066035,CONFIRM
2022-12-15,1,0.004509502973864739,1.144417244921016,CONFIRM
2022-12-16,1,0.007422673536977871,1.1529118805201521,CONFIRM
2022-12-19,1,-0.006369841485495046,1.1455680145944949,CONFIRM
2022-12-20,1,0.014122505004647375,1.1617463046137697,CONFIRM
2022-12-21,1,0.007887302085422628,1.170909348664882,CONFIRM
2022-12-22,1,0.003409032025734145,1.1749010161337121,CONFIRM
2022-12-23,1,0.00854662363522782,1.1849424529272536,CONFIRM
2022-12-26,1,-0.007966184173075068,1.17550298311274,CONFIRM
2022-12-27,1,-0.01817315221072882,1.1541403884764663,CONFIRM
2022-12-28,1,0.002151022732690607,1.1566229706887956,CONFIRM
2022-12-29,1,0.010933911835646822,1.169269384277391,CONFIRM
2023-01-02,1,-0.023795463501378317,1.1414460773205393,CONFIRM
2023-01-03,1,-0.0057106719423704305,1.134927653233056,CONFIRM
2023-01-04,1,-0.012687133365387208,1.1205286747364225,CONFIRM
2023-01-05,1,0.0082848777416584,1.1298121178126364,CONFIRM
2023-01-06,1,0.022008691370284578,1.1546778040199823,CONFIRM
2023-01-09,1,-0.0017850626490675521,1.152616631800319,CONFIRM
2023-01-10,1,0.011133119021413425,1.1654488499482127,CONFIRM
2023-01-11,1,0.007491113661281275,1.1741793597495842,CONFIRM
2023-01-12,1,0.012252435062803576,1.1885659161070001,CONFIRM
2023-01-13,1,0.005275576416697599,1.1948362864237048,CONFIRM
2023-01-16,1,0.0009400501799885234,1.1959594924898143,CONFIRM
2023-01-17,1,-0.0013876659630586415,1.1942999002088892,CONFIRM
2023-01-18,1,0.00607579323886673,1.2015562194677576,CONFIRM
2023-01-19,1,-0.023925029715568785,1.172808951212065,CONFIRM
2023-01-20,1,0.0033640127492483313,1.1767542954763748,CONFIRM
2023-01-23,1,0.0015650428564051037,1.178595966380254,CONFIRM
2023-01-24,1,0.004686625045912081,1.1841196037553028,CONFIRM
2023-01-25,1,0.012984824255304091,1.1994951887073257,CONFIRM
2023-01-26,1,0.0021167876752369048,1.2020342653392873,CONFIRM
2023-01-27,1,0.003945255005426614,1.2067765970413113,CONFIRM
2023-01-30,1,-0.003448042184466397,1.202615580427486,CONFIRM
2023-01-31,1,-0.0003332608701331048,1.2022147957127172,CONFIRM
2023-02-01,1,0.005668007635417723,1.2090289583542289,CONFIRM
2023-02-02,1,0.016491316689227403,1.228967437792895,CONFIRM
2023-02-03,1,-0.02230035409053968,1.20156102876437,CONFIRM
2023-02-06,1,-0.014039656541570049,1.1846915246067828,CONFIRM
2023-02-07,1,0.0016381226630671501,1.1866321946419847,CONFIRM
2023-02-08,1,-0.006271939621166038,1.1791897091646584,CONFIRM
2023-02-09,1,-0.005036850148177589,1.173250307303323,CONFIRM
2023-02-10,1,-0.0037088170515417167,1.16889893655787,CONFIRM
2023-02-13,1,0.013498870910087031,1.1846777524094025,CONFIRM
2023-02-14,1,0.006633043540183877,1.1925357715222211,CONFIRM
2023-02-15,1,-0.013964876890551507,1.1758821562853345,CONFIRM
2023-02-16,1,-0.003293266541889798,1.172009662922835,CONFIRM
2023-02-17,1,0.008334818351016545,1.1817781505689329,CONFIRM
2023-02-22,1,0.005746268740238066,1.1885689654134435,CONFIRM
2023-02-23,1,0.008056899995922824,1.198145146706037,CONFIRM
2023-02-24,1,-0.008656659661289727,1.1877732119461768,CONFIRM
2023-02-27,1,-0.002938292673106439,1.1842831866202033,CONFIRM
2023-02-28,1,-0.0019461551351732927,1.181978387815063,CONFIRM
2023-03-01,1,0.0004780587379655548,1.1825434429114443,CONFIRM
2023-03-02,1,0.00013277337537517965,1.1827004531958873,CONFIRM
2023-03-03,1,0.0011504753817431505,1.1840611209512655,CONFIRM
2023-03-06,1,0.0016123679403495532,1.1859702631421016,CONFIRM
2023-03-07,1,0.0016525115913371428,1.187930092748925,CONFIRM
2023-03-08,1,0.010228292607975505,1.2000805893353805,CONFIRM
2023-03-09,1,0.0009864684815419093,1.2012644310120701,CONFIRM
2023-03-10,1,-0.008808042141751486,1.1906836432803287,CONFIRM
2023-03-13,1,-0.010829121115630528,1.177789585896846,CONFIRM
2023-03-14,1,0.0010496338474094995,1.1790258337113297,CONFIRM
2023-03-15,1,-0.011497106971277619,1.1654704475792508,CONFIRM
2023-03-16,1,0.0020042905002120876,1.1678063889256116,CONFIRM
2023-03-17,1,0.004351517045376481,1.172888118332721,CONFIRM
2023-03-20,1,0.004348817046705729,1.1779887941756049,CONFIRM
2023-03-21,1,0.0007628137931608729,1.178887380275991,CONFIRM
2023-03-22,1,-0.0035654204657044313,1.1746841510835944,CONFIRM
2023-03-23,1,0.0006188716124743991,1.1754111297583236,CONFIRM
2023-03-24,1,-0.005175989641460181,1.1693272139262376,CONFIRM
2023-03-27,1,0.01193606202621242,1.1832843760805993,CONFIRM
2023-03-28,1,0.0112697326145029,1.1966196746059465,CONFIRM
2023-03-29,1,0.004954171580408869,1.2025479337904375,CONFIRM
2023-03-30,1,0.004956374000852111,1.2085082111042547,CONFIRM
2023-03-31,1,0.009094768982887054,1.21949931409817,CONFIRM
2023-04-03,1,0.0036021091755568963,1.2238920837670684,CONFIRM
2023-04-04,1,-0.002153584233642784,1.2212563290717875,CONFIRM
2023-04-05,1,0.006520395688997623,1.2292194035750283,CONFIRM
2023-04-06,1,-0.004363210665863896,1.223856060362663,CONFIRM
2023-04-10,1,-0.002664336293888429,1.2205952962425435,CONFIRM
2023-04-11,1,0.014203308878858985,1.2379317882511587,CONFIRM
2023-04-12,1,0.012922690656872656,1.2539291978050375,CONFIRM
2023-04-13,1,0.008376223906242682,1.2644323895284277,CONFIRM
2023-04-14,1,-0.006976721452279037,1.2556107969514483,CONFIRM
2023-04-17,1,0.001002460112015409,1.2568694966916079,CONFIRM
2023-04-18,1,-0.004885252099693064,1.250729372343855,CONFIRM
2023-04-19,1,-0.0155673154645152,1.2312588736438432,CONFIRM
2023-04-20,1,-0.0002794814261241325,1.2309147596579093,CONFIRM
2023-04-24,1,-0.0016257429181791001,1.2289136087045134,CONFIRM
2023-04-25,1,-4.079994918595852e-05,1.2288634690917244,CONFIRM
2023-04-26,1,0.0008681839836936782,1.229930348673736,CONFIRM
2023-04-27,1,0.008914353601000987,1.2408943827064163,CONFIRM
2023-04-28,1,0.0031664120939019786,1.2448235656870728,CONFIRM
2023-05-02,1,-0.006224118097274993,1.2370756368039655,CONFIRM
2023-05-03,1,0.0024407660891737366,1.2400950490680196,CONFIRM
2023-05-04,1,0.0027145751922117173,1.2434613803242043,CONFIRM
2023-05-05,1,0.008488165113686526,1.2540160858328888,CONFIRM
2023-05-08,1,0.00030551233757178544,1.2543992032186242,CONFIRM
2023-05-09,1,-0.005952536599968554,1.246932346050494,CONFIRM
2023-05-10,1,0.009504224517866562,1.2587834710259478,CONFIRM
2023-05-11,1,-0.002701733307976765,1.2553825737947464,CONFIRM
2023-05-12,1,0.009602035196554311,1.2674368014534643,CONFIRM
2023-05-15,1,0.0029662752250072272,1.271196367836878,CONFIRM
2023-05-16,1,-8.142939714908381e-05,1.271092855082987,CONFIRM
2023-05-17,1,-0.007654261287280443,1.2613635782497865,CONFIRM
2023-05-18,1,-0.002400847608300975,1.2583352365197475,CONFIRM
2023-05-19,1,-0.003944492697979389,1.2533717423676853,CONFIRM
2023-05-22,1,0.0038756515328865777,1.2582293744822695,CONFIRM
2023-05-23,1,0.00042628528443175597,1.258765739149051,CONFIRM
2023-05-24,1,0.004331763495118853,1.264218414626803,CONFIRM
2023-05-25,1,-0.010124208323785714,1.2514192040303551,CONFIRM
2023-05-26,1,-0.0021749837616481787,1.2486973875825744,CONFIRM
2023-05-29,1,0.003498232934610575,1.2530656219091778,CONFIRM
2023-05-30,1,-0.012486256089381169,1.23741952365722,CONFIRM
2023-05-31,1,-0.006928690022438481,1.2288458273500857,CONFIRM
2023-06-01,1,0.012256296301150412,1.2439069259185207,CONFIRM
2023-06-02,1,0.016035403102219264,1.2638534748972665,CONFIRM
2023-06-05,1,0.006802949683711619,1.2724514064945767,CONFIRM
2023-06-06,1,-0.000831866815893005,1.2713928963946775,CONFIRM
2023-06-07,1,0.0038152096515374507,1.2762435268438985,CONFIRM
2023-06-09,1,0.004316180307196578,1.2817520240216491,CONFIRM
2023-06-12,1,0.0021451754748104974,1.284501607028369,CONFIRM
2023-06-13,1,0.006428546413587562,1.2927590852274788,CONFIRM
2023-06-14,1,0.0017684344730260774,1.2950452449591128,CONFIRM
2023-06-15,1,0.005258223858259,1.3018548827636818,CONFIRM
2023-06-16,1,-0.0010216827186265971,1.3005248001278025,CONFIRM
2023-06-19,1,0.010308411728699536,1.3139311452309046,CONFIRM
2023-06-20,1,-0.002350846953911216,1.3108422942004896,CONFIRM
2023-06-21,1,0.00312249762364278,1.314935396149101,CONFIRM
2023-06-22,1,0.0012474111505723377,1.3165756612245396,CONFIRM
2023-06-23,1,-0.0007202879395093161,1.315627347654308,CONFIRM
2023-06-26,1,0.0024189049875916486,1.318809725207361,CONFIRM
2023-06-27,1,-0.003991984053739598,1.3135450578144166,CONFIRM
2023-06-28,1,-0.013471952652876066,1.2958490409881214,CONFIRM
2023-06-29,1,-0.0001265379091876224,1.295685066959852,CONFIRM
2023-06-30,1,0.008374012255240012,1.3065351495895055,CONFIRM
2023-07-03,1,0.006862617251250454,1.3155014002464436,CONFIRM
2023-07-04,1,-0.003454200253287935,1.3109573949765116,CONFIRM
2023-07-05,1,-0.010536005891161352,1.2971451401399776,CONFIRM
2023-07-06,1,-0.00792883725174001,1.2868602874319224,CONFIRM
2023-07-07,1,0.003939871322401452,1.2919303513743128,CONFIRM
2023-07-10,1,0.001617392355844656,1.2940199096489093,CONFIRM
2023-07-11,1,-0.004085582358232113,1.2887330847348466,CONFIRM
2023-07-12,1,0.018508131390055,1.3125851259938301,CONFIRM
2023-07-13,1,0.0007216761396442188,1.3135323873605118,CONFIRM
2023-07-14,1,0.0019916774568523327,1.316148520205263,CONFIRM
2023-07-17,1,-0.006888432237776824,1.3070823203089788,CONFIRM
2023-07-18,1,0.005729718374588773,1.3145715338967532,CONFIRM
2023-07-19,1,0.0011381518046826593,1.3160677158604424,CONFIRM
2023-07-20,1,0.002638845670905084,1.3195406154550584,CONFIRM
2023-07-21,1,0.0035631134067331833,1.3242422883127152,CONFIRM
2023-07-24,1,0.006066846453049864,1.3322762629425438,CONFIRM
2023-07-25,1,-0.0005162842361686999,1.3315884297097649,CONFIRM
2023-07-26,1,0.003000476123995984,1.3355838290000983,CONFIRM
2023-07-27,1,0.0038005562164515633,1.3406597904239967,CONFIRM
2023-07-28,1,-0.0007843820711456435,1.3396082009208823,CONFIRM
2023-07-31,1,-0.0031322731342041926,1.3354121821427782,CONFIRM
2023-08-01,1,-0.006811374825475584,1.3263161892236974,CONFIRM
2023-08-02,1,-0.006635566220904025,1.3175153303202465,CONFIRM
2023-08-03,1,-0.01457075242445402,1.2983181406267275,CONFIRM
2023-08-04,1,0.004131266483563573,1.3036818388461011,CONFIRM
2023-08-07,1,-0.007970930500078549,1.2932902815144443,CONFIRM
2023-08-08,1,-0.0039450572099419545,1.2881881773648078,CONFIRM
2023-08-09,1,0.004382843534943587,1.293834104589762,CONFIRM
2023-08-10,1,0.010418323757907993,1.3073136871804012,CONFIRM
2023-08-11,1,-0.007965792295742541,1.2968998978829407,CONFIRM
2023-08-14,1,-0.011230485350104152,1.2823350825792148,CONFIRM
2023-08-15,1,-0.006410865728192688,1.2741142045462486,CONFIRM
2023-08-16,1,0.001081589973879554,1.2754922736954635,CONFIRM
2023-08-17,1,-0.0006054605610778809,1.2747200134277812,CONFIRM
2023-08-18,1,0.00212536683116607,1.2774292610633442,CONFIRM
2023-08-21,1,-0.002195083952131166,1.2746251965924011,CONFIRM
2023-08-22,1,0.008624107965386513,1.2856177019032162,CONFIRM
2023-08-23,1,0.009463090456843598,1.2977836185092457,CONFIRM
2023-08-24,1,0.004954234708337807,1.3042131431559765,CONFIRM
2023-08-25,1,-0.0002137572692619551,1.30393435811596,CONFIRM
2023-08-28,1,-0.0031250216039339918,1.2998595350767357,CONFIRM
2023-08-29,1,0.0050192629256617105,1.3063838718497143,CONFIRM
2023-08-30,1,0.0013667322439109562,1.3081693488102966,CONFIRM
2023-08-31,1,-0.011354833279982407,1.2933153039525724,CONFIRM
2023-09-01,1,-0.0017328477335873673,1.2910741854593044,CONFIRM
2023-09-04,1,0.0031578439087564247,1.2951511962116098,CONFIRM
2023-09-05,1,-0.010478709352857968,1.281579683258502,CONFIRM
2023-09-06,1,-0.0008681952978086551,1.28046702180373,CONFIRM
2023-09-08,1,-0.0011884122171972047,1.2789452991513002,CONFIRM
2023-09-11,1,0.009689627107518223,1.2913378021909896,CONFIRM
2023-09-12,1,-0.002537132494391442,1.2880615070918147,CONFIRM
2023-09-13,1,0.007025363874319873,1.2971106078716395,CONFIRM
2023-09-14,1,0.008820190681717827,1.3085513707683463,CONFIRM
2023-09-15,1,0.0015503394053430206,1.3105800695223642,CONFIRM
2023-09-18,1,0.003441502700227389,1.3150904343704897,CONFIRM
2023-09-19,1,-0.0005455769012933933,1.314372951406385,CONFIRM
2023-09-20,1,0.0020902021187969855,1.317120256534304,CONFIRM
2023-09-21,1,-0.015042080305114568,1.297308027864022,CONFIRM
2023-09-22,1,0.002251687161770033,1.3002291596952247,CONFIRM
2023-09-25,1,-0.009407039746679235,1.2879978523101803,CONFIRM
2023-09-26,1,-0.001976641923337141,1.2854519417581358,CONFIRM
2023-09-27,1,-0.011244128352276405,1.2709981551343243,CONFIRM
2023-09-28,1,-0.0034376313439290593,1.2666289320381585,CONFIRM
2023-09-29,1,0.008165894038646527,1.276972089683466,CONFIRM
2023-10-02,1,-0.0117807060000228,1.2619284569246703,CONFIRM
2023-10-03,1,-0.00804619776066252,1.2517747310004468,CONFIRM
2023-10-04,1,-0.008075604290824111,1.2416658936116345,CONFIRM
2023-10-05,1,-0.003368245104540046,1.2374836585440028,CONFIRM
2023-10-06,1,-0.0037031963338112314,1.2329010135965313,CONFIRM
2023-10-09,1,0.005114798548999311,1.2392070539119344,CONFIRM
2023-10-10,1,0.015822481737127515,1.2588143848909756,CONFIRM
2023-10-11,1,0.007456932581712305,1.2682012788919972,CONFIRM
2023-10-13,1,-0.00229366717356384,1.265292447249131,CONFIRM
2023-10-16,1,0.0003992622260513448,1.2657976307282255,CONFIRM
2023-10-17,1,0.0048838520538049155,1.2719795990867588,CONFIRM
2023-10-18,1,-0.0033909623798396124,1.2676663641183321,CONFIRM
2023-10-19,1,0.0008147004771484781,1.2686991325100443,CONFIRM
2023-10-20,1,0.000498426315612466,1.269331485544282,CONFIRM
2023-10-23,1,0.007464917156895334,1.278806939928509,CONFIRM
2023-10-24,1,0.0022345174531040904,1.2816644563549298,CONFIRM
2023-10-25,1,0.0019388094566269334,1.2841493595231332,CONFIRM
2023-10-26,1,-0.0012195719926802015,1.2825832469298406,CONFIRM
2023-10-27,1,0.011748354520823224,1.2976514896172409,CONFIRM
2023-10-30,1,-0.011743859823510904,1.282412052423406,CONFIRM
2023-10-31,1,-0.00974420169426039,1.2699159707294418,CONFIRM
2023-11-01,1,0.007794356908804578,1.279814149049498,CONFIRM
2023-11-03,1,0.025824077323906257,1.3128641685947815,CONFIRM
2023-11-06,1,-0.0015763381582774932,1.3107946507091903,CONFIRM
2023-11-07,1,0.006957753364434291,1.3199148366002447,CONFIRM
2023-11-08,1,-0.003557778891934185,1.3152188714554376,CONFIRM
2023-11-09,1,-0.0028679169482247273,1.3114469329633656,CONFIRM
2023-11-10,1,-0.004082582003614202,1.3060928433161543,CONFIRM
2023-11-13,1,-0.0003255553781960989,1.3056676377665892,CONFIRM
2023-11-14,1,0.01171611068893443,1.3209649843336222,CONFIRM
2023-11-16,1,0.002441268257200277,1.3241898142187492,CONFIRM
2023-11-17,1,-0.005397431087584928,1.3170425909496215,CONFIRM
2023-11-20,1,0.0028227078857449212,1.320760217456957,CONFIRM
2023-11-21,1,-0.0014601769625742582,1.3188316738143417,CONFIRM
2023-11-22,1,-0.0030759334038018365,1.3147750354148644,CONFIRM
2023-11-23,1,0.0009989261120460142,1.3160883985292064,CONFIRM
2023-11-24,1,0.000325078388377162,1.3165162304247624,CONFIRM
2023-11-27,1,-0.0002471960819344447,1.3161907927707983,CONFIRM
2023-11-28,1,0.0019593323371147804,1.3187696479528868,CONFIRM
2023-11-29,1,-0.0011072740814469322,1.3173094085023096,CONFIRM
2023-11-30,1,-0.00838070632736763,1.3062694252073734,CONFIRM
2023-12-01,1,0.003566195579070694,1.3109278374566231,CONFIRM
2023-12-04,1,0.002276222816840054,1.3139118013114726,CONFIRM
2023-12-05,1,-0.008536282749973404,1.302695878666951,CONFIRM
2023-12-06,1,0.01015811596903928,1.3159288144748393,CONFIRM
2023-12-07,1,0.0019157419527197268,1.3184497945115217,CONFIRM
2023-12-08,1,-0.0040264195270002055,1.313141162513531,CONFIRM
2023-12-11,1,-0.0054932737972929,1.3059277185733487,CONFIRM
2023-12-12,1,-0.00048482471869291374,1.305294572534558,CONFIRM
2023-12-13,1,-0.0018586986456020443,1.3028684232804761,CONFIRM
2023-12-14,1,0.01369876528831749,1.320716112012556,CONFIRM
2023-12-15,0,-7.5e-05,1.320617058304155,CONFIRM
2023-12-18,0,0.0,1.320617058304155,CONFIRM
2023-12-19,0,0.0,1.320617058304155,CONFIRM
2023-12-20,0,0.0,1.320617058304155,CONFIRM
2023-12-21,0,0.0,1.320617058304155,CONFIRM
2023-12-22,0,0.0,1.320617058304155,CONFIRM
2023-12-26,0,0.0,1.320617058304155,CONFIRM
2023-12-27,0,0.0,1.320617058304155,CONFIRM
2023-12-28,0,0.0,1.320617058304155,CONFIRM
2024-01-02,0,0.0,1.320617058304155,CONFIRM
2024-01-03,0,0.0,1.320617058304155,CONFIRM
2024-01-04,0,0.0,1.320617058304155,CONFIRM
2024-01-05,0,0.0,1.320617058304155,CONFIRM
2024-01-08,0,0.0,1.320617058304155,CONFIRM
2024-01-09,0,0.0,1.320617058304155,CONFIRM
2024-01-10,0,0.0,1.320617058304155,CONFIRM
2024-01-11,0,0.0,1.320617058304155,CONFIRM
2024-01-12,0,0.0,1.320617058304155,CONFIRM
2024-01-15,0,0.0,1.320617058304155,CONFIRM
2024-01-16,0,0.0,1.320617058304155,CONFIRM
2024-01-17,0,0.0,1.320617058304155,CONFIRM
2024-01-18,0,0.0,1.320617058304155,CONFIRM
2024-01-19,0,0.0,1.320617058304155,CONFIRM
2024-01-22,0,0.0,1.320617058304155,CONFIRM
2024-01-23,0,0.0,1.320617058304155,CONFIRM
2024-01-24,0,0.0,1.320617058304155,CONFIRM
2024-01-25,0,0.0,1.320617058304155,CONFIRM
2024-01-26,0,0.0,1.320617058304155,CONFIRM
2024-01-29,0,0.0,1.320617058304155,CONFIRM
2024-01-30,0,0.0,1.320617058304155,CONFIRM
2024-01-31,0,0.0,1.320617058304155,CONFIRM
2024-02-01,0,0.0,1.320617058304155,CONFIRM
2024-02-02,0,0.0,1.320617058304155,CONFIRM
2024-02-05,0,0.0,1.320617058304155,CONFIRM
2024-02-06,0,0.0,1.320617058304155,CONFIRM
2024-02-07,0,0.0,1.320617058304155,CONFIRM
2024-02-08,0,0.0,1.320617058304155,CONFIRM
2024-02-09,0,0.0,1.320617058304155,CONFIRM
2024-02-14,0,0.0,1.320617058304155,CONFIRM
2024-02-15,0,0.0,1.320617058304155,CONFIRM
2024-02-16,0,0.0,1.320617058304155,CONFIRM
2024-02-19,0,0.0,1.320617058304155,CONFIRM
2024-02-20,0,0.0,1.320617058304155,CONFIRM
2024-02-21,0,0.0,1.320617058304155,CONFIRM
2024-02-22,0,0.0,1.320617058304155,CONFIRM
2024-02-23,0,0.0,1.320617058304155,CONFIRM
2024-02-26,0,0.0,1.320617058304155,CONFIRM
2024-02-27,0,0.0,1.320617058304155,CONFIRM
2024-02-28,0,0.0,1.320617058304155,CONFIRM
2024-02-29,0,0.0,1.320617058304155,CONFIRM
2024-03-01,0,0.0,1.320617058304155,CONFIRM
2024-03-04,0,0.0,1.320617058304155,CONFIRM
2024-03-05,0,0.0,1.320617058304155,CONFIRM
2024-03-06,0,0.0,1.320617058304155,CONFIRM
2024-03-07,0,0.0,1.320617058304155,CONFIRM
2024-03-08,0,0.0,1.320617058304155,CONFIRM
2024-03-11,0,0.0,1.320617058304155,CONFIRM
2024-03-12,0,0.0,1.320617058304155,CONFIRM
2024-03-13,0,0.0,1.320617058304155,CONFIRM
2024-03-14,0,0.0,1.320617058304155,CONFIRM
2024-03-15,0,0.0,1.320617058304155,CONFIRM
2024-03-18,0,0.0,1.320617058304155,CONFIRM
2024-03-19,0,0.0,1.320617058304155,CONFIRM
2024-03-20,0,0.0,1.320617058304155,CONFIRM
2024-03-21,0,0.0,1.320617058304155,CONFIRM
2024-03-22,0,0.0,1.320617058304155,CONFIRM
2024-03-25,0,0.0,1.320617058304155,CONFIRM
2024-03-26,0,0.0,1.320617058304155,CONFIRM
2024-03-27,0,0.0,1.320617058304155,CONFIRM
2024-03-28,0,0.0,1.320617058304155,CONFIRM
2024-04-01,0,0.0,1.320617058304155,CONFIRM
2024-04-02,0,0.0,1.320617058304155,CONFIRM
2024-04-03,0,0.0,1.320617058304155,CONFIRM
2024-04-04,0,0.0,1.320617058304155,CONFIRM
2024-04-05,0,0.0,1.320617058304155,CONFIRM
2024-04-08,0,0.0,1.320617058304155,CONFIRM
2024-04-09,0,0.0,1.320617058304155,CONFIRM
2024-04-10,0,0.0,1.320617058304155,CONFIRM
2024-04-11,0,0.0,1.320617058304155,CONFIRM
2024-04-12,0,0.0,1.320617058304155,CONFIRM
2024-04-15,0,0.0,1.320617058304155,CONFIRM
2024-04-16,0,0.0,1.320617058304155,CONFIRM
2024-04-17,0,0.0,1.320617058304155,CONFIRM
2024-04-18,0,0.0,1.320617058304155,CONFIRM
2024-04-19,0,0.0,1.320617058304155,CONFIRM
2024-04-22,0,0.0,1.320617058304155,CONFIRM
2024-04-23,0,0.0,1.320617058304155,CONFIRM
2024-04-24,0,0.0,1.320617058304155,CONFIRM
2024-04-25,0,0.0,1.320617058304155,CONFIRM
2024-04-26,0,0.0,1.320617058304155,CONFIRM
2024-04-29,0,0.0,1.320617058304155,CONFIRM
2024-04-30,0,0.0,1.320617058304155,CONFIRM
2024-05-02,0,0.0,1.320617058304155,CONFIRM
2024-05-03,0,0.0,1.320617058304155,CONFIRM
2024-05-06,0,0.0,1.320617058304155,CONFIRM
2024-05-07,0,0.0,1.320617058304155,CONFIRM
2024-05-08,0,0.0,1.320617058304155,CONFIRM
2024-05-09,0,0.0,1.320617058304155,CONFIRM
2024-05-10,0,0.0,1.320617058304155,CONFIRM
2024-05-13,0,0.0,1.320617058304155,CONFIRM
2024-05-14,0,0.0,1.320617058304155,CONFIRM
2024-05-15,0,0.0,1.320617058304155,CONFIRM
2024-05-16,0,0.0,1.320617058304155,CONFIRM
2024-05-17,0,0.0,1.320617058304155,CONFIRM
2024-05-20,0,0.0,1.320617058304155,CONFIRM
2024-05-21,0,0.0,1.320617058304155,CONFIRM
2024-05-22,0,0.0,1.320617058304155,CONFIRM
2024-05-23,0,0.0,1.320617058304155,CONFIRM
2024-05-24,0,0.0,1.320617058304155,CONFIRM
2024-05-27,0,0.0,1.320617058304155,CONFIRM
2024-05-28,0,0.0,1.320617058304155,CONFIRM
2024-05-29,0,0.0,1.320617058304155,CONFIRM
2024-05-31,0,0.0,1.320617058304155,CONFIRM
2024-06-03,0,0.0,1.320617058304155,CONFIRM
2024-06-04,0,0.0,1.320617058304155,CONFIRM
2024-06-05,0,0.0,1.320617058304155,CONFIRM
2024-06-06,0,0.0,1.320617058304155,CONFIRM
2024-06-07,0,0.0,1.320617058304155,CONFIRM
2024-06-10,0,0.0,1.320617058304155,CONFIRM
2024-06-11,0,0.0,1.320617058304155,CONFIRM
2024-06-12,0,0.0,1.320617058304155,CONFIRM
2024-06-13,0,0.0,1.320617058304155,CONFIRM
2024-06-14,0,0.0,1.320617058304155,CONFIRM
2024-06-17,0,0.0,1.320617058304155,CONFIRM
2024-06-18,0,0.0,1.320617058304155,CONFIRM
2024-06-19,0,0.0,1.320617058304155,CONFIRM
2024-06-20,0,0.0,1.320617058304155,CONFIRM
2024-06-21,0,0.0,1.320617058304155,CONFIRM
2024-06-24,0,0.0,1.320617058304155,CONFIRM
2024-06-25,0,0.0,1.320617058304155,CONFIRM
2024-06-26,0,0.0,1.320617058304155,CONFIRM
2024-06-27,0,0.0,1.320617058304155,CONFIRM
2024-06-28,0,0.0,1.320617058304155,CONFIRM
2024-07-01,0,0.0,1.320617058304155,CONFIRM
2024-07-02,0,0.0,1.320617058304155,CONFIRM
2024-07-03,0,0.0,1.320617058304155,CONFIRM
2024-07-04,0,0.0,1.320617058304155,CONFIRM
2024-07-05,0,0.0,1.320617058304155,CONFIRM
2024-07-08,0,0.0,1.320617058304155,CONFIRM
2024-07-09,0,0.0,1.320617058304155,CONFIRM
2024-07-10,0,0.0,1.320617058304155,CONFIRM
2024-07-11,0,0.0,1.320617058304155,CONFIRM
2024-07-12,0,0.0,1.320617058304155,CONFIRM
2024-07-15,0,0.0,1.320617058304155,CONFIRM
2024-07-16,0,0.0,1.320617058304155,CONFIRM
2024-07-17,0,0.0,1.320617058304155,CONFIRM
2024-07-18,0,0.0,1.320617058304155,CONFIRM
2024-07-19,0,0.0,1.320617058304155,CONFIRM
2024-07-22,0,0.0,1.320617058304155,CONFIRM
2024-07-23,0,0.0,1.320617058304155,CONFIRM
2024-07-24,0,0.0,1.320617058304155,CONFIRM
2024-07-25,0,0.0,1.320617058304155,CONFIRM
2024-07-26,0,0.0,1.320617058304155,CONFIRM
2024-07-29,0,0.0,1.320617058304155,CONFIRM
2024-07-30,0,0.0,1.320617058304155,CONFIRM
2024-07-31,0,0.0,1.320617058304155,CONFIRM
2024-08-01,0,0.0,1.320617058304155,CONFIRM
2024-08-02,0,0.0,1.320617058304155,CONFIRM
2024-08-05,0,0.0,1.320617058304155,CONFIRM
2024-08-06,0,0.0,1.320617058304155,CONFIRM
2024-08-07,0,0.0,1.320617058304155,CONFIRM
2024-08-08,0,0.0,1.320617058304155,CONFIRM
2024-08-09,0,0.0,1.320617058304155,CONFIRM
2024-08-12,0,0.0,1.320617058304155,CONFIRM
2024-08-13,0,0.0,1.320617058304155,CONFIRM
2024-08-14,0,0.0,1.320617058304155,CONFIRM
2024-08-15,0,0.0,1.320617058304155,CONFIRM
2024-08-16,0,0.0,1.320617058304155,CONFIRM
2024-08-19,0,0.0,1.320617058304155,CONFIRM
2024-08-20,0,0.0,1.320617058304155,CONFIRM
2024-08-21,0,0.0,1.320617058304155,CONFIRM
2024-08-22,0,0.0,1.320617058304155,CONFIRM
2024-08-23,0,0.0,1.320617058304155,CONFIRM
2024-08-26,0,0.0,1.320617058304155,CONFIRM
2024-08-27,0,0.0,1.320617058304155,CONFIRM
2024-08-28,0,0.0,1.320617058304155,CONFIRM
2024-08-29,0,0.0,1.320617058304155,CONFIRM
2024-08-30,0,0.0,1.320617058304155,CONFIRM
2024-09-02,0,0.0,1.320617058304155,CONFIRM
2024-09-03,0,0.0,1.320617058304155,CONFIRM
2024-09-04,0,0.0,1.320617058304155,CONFIRM
2024-09-05,0,0.0,1.320617058304155,CONFIRM
2024-09-06,0,0.0,1.320617058304155,CONFIRM
2024-09-09,0,0.0,1.320617058304155,CONFIRM
2024-09-10,0,0.0,1.320617058304155,CONFIRM
2024-09-11,0,0.0,1.320617058304155,CONFIRM
2024-09-12,0,0.0,1.320617058304155,CONFIRM
2024-09-13,0,0.0,1.320617058304155,CONFIRM
2024-09-16,0,0.0,1.320617058304155,CONFIRM
2024-09-17,0,0.0,1.320617058304155,CONFIRM
2024-09-18,0,0.0,1.320617058304155,CONFIRM
2024-09-19,0,0.0,1.320617058304155,CONFIRM
2024-09-20,0,0.0,1.320617058304155,CONFIRM
2024-09-23,0,0.0,1.320617058304155,CONFIRM
2024-09-24,0,0.0,1.320617058304155,CONFIRM
2024-09-25,0,0.0,1.320617058304155,CONFIRM
2024-09-26,0,0.0,1.320617058304155,CONFIRM
2024-09-27,0,0.0,1.320617058304155,CONFIRM
2024-09-30,0,0.0,1.320617058304155,CONFIRM
2024-10-01,0,0.0,1.320617058304155,CONFIRM
2024-10-02,0,0.0,1.320617058304155,CONFIRM
2024-10-03,0,0.0,1.320617058304155,CONFIRM
2024-10-04,0,0.0,1.320617058304155,CONFIRM
2024-10-07,0,0.0,1.320617058304155,CONFIRM
2024-10-08,0,0.0,1.320617058304155,CONFIRM
2024-10-09,0,0.0,1.320617058304155,CONFIRM
2024-10-10,0,0.0,1.320617058304155,CONFIRM
2024-10-11,0,0.0,1.320617058304155,CONFIRM
2024-10-14,0,0.0,1.320617058304155,CONFIRM
2024-10-15,0,0.0,1.320617058304155,CONFIRM
2024-10-16,0,0.0,1.320617058304155,CONFIRM
2024-10-17,0,0.0,1.320617058304155,CONFIRM
2024-10-18,0,0.0,1.320617058304155,CONFIRM
2024-10-21,0,0.0,1.320617058304155,CONFIRM
2024-10-22,0,0.0,1.320617058304155,CONFIRM
2024-10-23,0,0.0,1.320617058304155,CONFIRM
2024-10-24,0,0.0,1.320617058304155,CONFIRM
2024-10-25,0,0.0,1.320617058304155,CONFIRM
2024-10-28,0,0.0,1.320617058304155,CONFIRM
2024-10-29,0,0.0,1.320617058304155,CONFIRM
2024-10-30,0,0.0,1.320617058304155,CONFIRM
2024-10-31,0,0.0,1.320617058304155,CONFIRM
2024-11-01,0,0.0,1.320617058304155,CONFIRM
2024-11-04,0,0.0,1.320617058304155,CONFIRM
2024-11-05,0,0.0,1.320617058304155,CONFIRM
2024-11-06,0,0.0,1.320617058304155,CONFIRM
2024-11-07,0,0.0,1.320617058304155,CONFIRM
2024-11-08,0,0.0,1.320617058304155,CONFIRM
2024-11-11,0,0.0,1.320617058304155,CONFIRM
2024-11-12,0,0.0,1.320617058304155,CONFIRM
2024-11-13,0,0.0,1.320617058304155,CONFIRM
2024-11-14,0,0.0,1.320617058304155,CONFIRM
2024-11-18,0,0.0,1.320617058304155,CONFIRM
2024-11-19,0,0.0,1.320617058304155,CONFIRM
2024-11-21,0,0.0,1.320617058304155,CONFIRM
2024-11-22,0,0.0,1.320617058304155,CONFIRM
2024-11-25,0,0.0,1.320617058304155,CONFIRM
2024-11-26,0,0.0,1.320617058304155,CONFIRM
2024-11-27,0,0.0,1.320617058304155,CONFIRM
2024-11-28,0,0.0,1.320617058304155,CONFIRM
2024-11-29,0,0.0,1.320617058304155,CONFIRM
2024-12-02,0,0.0,1.320617058304155,CONFIRM
2024-12-03,0,0.0,1.320617058304155,CONFIRM
2024-12-04,0,0.0,1.320617058304155,CONFIRM
2024-12-05,0,0.0,1.320617058304155,CONFIRM
2024-12-06,0,0.0,1.320617058304155,CONFIRM
2024-12-09,0,0.0,1.320617058304155,CONFIRM
2024-12-10,0,0.0,1.320617058304155,CONFIRM
2024-12-11,0,0.0,1.320617058304155,CONFIRM
2024-12-12,0,0.0,1.320617058304155,CONFIRM
2024-12-13,1,-0.016501394791908194,1.2988250348561496,CONFIRM
2024-12-16,1,-0.0015329427538747025,1.296834010430416,CONFIRM
2024-12-17,1,-0.01916343234553839,1.2719822196081394,CONFIRM
2024-12-18,1,0.0012605882010357145,1.2735856653861046,CONFIRM
2024-12-19,1,-0.003240163140658095,1.2694590400566501,CONFIRM
2024-12-20,1,0.017438094554133275,1.2915959868297573,CONFIRM
2024-12-23,1,-0.013407521217110844,1.2742788862324022,CONFIRM
2024-12-26,1,-0.0004329544193667294,1.273727181557102,CONFIRM
2024-12-27,1,-0.005152180083532668,1.2671647097404293,CONFIRM
2024-12-30,1,0.0013781256012722815,1.2689110218679513,CONFIRM
