date,instrument,tf,mechanic,direction,entry_time,entry_price,exit_time,exit_price,exit_reason,stop_price,target_price,or_high,or_low,or_width,is_roll,tercile,year,pnl_pts,pnl_pct,pnl_rs_gross,pnl_liq_pts_05tick,pnl_liq_pct_05tick,pnl_liq_rs_05tick,pnl_liq_pts_1tick,pnl_liq_pct_1tick,pnl_liq_rs_1tick,pnl_liq_pts_2tick,pnl_liq_pct_2tick,pnl_liq_rs_2tick
2022-12-27,WDO,M5,C1,short,2022-12-27 09:30:00,5246.0,2022-12-27 09:30:00,5252.0,stop,5252.0,5220.5,5246.0,5195.0,51.0,False,1,2022,-6.0,-0.001143728555089592,-60.0,-6.5,-0.0012390392680137247,-65.0,-7.0,-0.0013343499809378575,-70.0,-8.0,-0.0015249714067861228,-80.0
2022-12-28,WDO,M5,C1,short,2022-12-28 10:15:00,5274.0,2022-12-28 10:20:00,5266.0,tp,5281.5,5266.0,5277.0,5255.0,22.0,False,1,2022,8.0,0.0015168752370117557,80.0,7.5,0.001422070534698521,75.0,7.0,0.0013272658323852863,70.0,6.0,0.0011376564277588168,60.0
2023-01-02,WDO,M5,C1,short,2023-01-02 10:05:00,5378.5,2023-01-02 10:50:00,5386.5,stop,5386.5,5351.25,5382.0,5320.5,61.5,False,1,2023,-8.0,-0.0014874035511759783,-80.0,-8.5,-0.0015803662731244772,-85.0,-9.0,-0.0016733289950729758,-90.0,-10.0,-0.001859254438969973,-100.0
2023-01-03,WDO,M5,C1,long,2023-01-03 10:15:00,5404.0,2023-01-03 12:10:00,5420.5,tp,5370.5,5420.5,5438.5,5402.5,36.0,False,1,2023,16.5,0.003053293856402665,165.0,16.0,0.0029607698001480384,160.0,15.5,0.0028682457438934123,155.0,14.5,0.00268319763138416,145.0
2023-01-04,WDO,M5,C1,long,2023-01-04 10:50:00,5467.0,2023-01-04 11:15:00,5482.25,tp,5457.0,5482.25,5499.0,5465.5,33.5,False,1,2023,15.25,0.0027894640570696907,152.5,14.75,0.0026980062191329797,147.5,14.25,0.0026065483811962683,142.5,13.25,0.0024236327053228464,132.5
2023-01-05,WDO,M5,C1,long,2023-01-05 10:40:00,5430.0,2023-01-05 10:55:00,5443.75,tp,5398.5,5443.75,5459.5,5428.0,31.5,False,1,2023,13.75,0.0025322283609576428,137.5,13.25,0.002440147329650092,132.5,12.75,0.0023480662983425414,127.5,11.75,0.00216390423572744,117.5
2023-01-06,WDO,M5,C1,long,2023-01-06 09:50:00,5380.5,2023-01-06 10:05:00,5362.0,stop,5362.0,5387.5,5397.5,5377.5,20.0,False,1,2023,-18.5,-0.0034383421615091533,-185.0,-19.0,-0.003531270328036428,-190.0,-19.5,-0.0036241984945637024,-195.0,-20.5,-0.003810054827618251,-205.0
2023-01-10,WDO,M5,C1,long,2023-01-10 10:00:00,5286.0,2023-01-10 10:00:00,5289.25,tp,5262.5,5289.25,5300.0,5278.5,21.5,False,1,2023,3.25,0.0006148316307226636,32.5,2.75,0.0005202421490730231,27.5,2.25,0.0004256526674233825,22.5,1.25,0.0002364737041241014,12.5
2023-01-11,WDO,M5,C1,short,2023-01-11 10:15:00,5217.0,2023-01-11 10:15:00,5221.25,tp,5256.0,5221.25,5230.0,5212.5,17.5,False,1,2023,-4.25,-0.0008146444316657083,-42.5,-4.75,-0.0009104849530381445,-47.5,-5.25,-0.0010063254744105809,-52.5,-6.25,-0.0011980065171554534,-62.5
2023-01-13,WDO,M5,C1,short,2023-01-13 10:25:00,5144.5,2023-01-13 10:25:00,5136.25,tp,5172.5,5136.25,5145.0,5127.5,17.5,False,1,2023,8.25,0.001603654388181553,82.5,7.75,0.0015064632131402468,77.5,7.25,0.0014092720380989407,72.5,6.25,0.0012148896880163282,62.5
2023-01-17,WDO,M5,C1,long,2023-01-17 09:55:00,5154.5,2023-01-17 09:55:00,5143.0,stop,5143.0,5161.75,5173.5,5150.0,23.5,False,1,2023,-11.5,-0.002231060238626443,-115.0,-12.0,-0.0023280628576971578,-120.0,-12.5,-0.0024250654767678727,-125.0,-13.5,-0.0026190707149093026,-135.0
2023-01-18,WDO,M5,C1,short,2023-01-18 10:00:00,5107.0,2023-01-18 10:15:00,5113.0,stop,5113.0,5095.75,5108.0,5083.5,24.5,False,1,2023,-6.0,-0.0011748580379870766,-60.0,-6.5,-0.0012727628744859997,-65.0,-7.0,-0.0013706677109849227,-70.0,-8.0,-0.0015664773839827687,-80.0
2023-01-20,WDO,M5,C1,short,2023-01-20 09:45:00,5196.5,2023-01-20 10:15:00,5213.5,stop,5213.5,5186.75,5197.5,5176.0,21.5,False,1,2023,-17.0,-0.003271432695083229,-170.0,-17.5,-0.0033676513037621475,-175.0,-18.0,-0.003463869912441066,-180.0,-19.0,-0.003656307129798903,-190.0
2023-01-23,WDO,M5,C1,long,2023-01-23 09:40:00,5211.5,2023-01-23 09:45:00,5205.5,stop,5205.5,5219.0,5230.5,5207.5,23.0,False,1,2023,-6.0,-0.0011513000095941667,-60.0,-6.5,-0.0012472416770603473,-65.0,-7.0,-0.001343183344526528,-70.0,-8.0,-0.001535066679458889,-80.0
2023-01-26,WDO,M5,C1,short,2023-01-26 11:20:00,5089.5,2023-01-26 12:20:00,5083.0,tp,5123.0,5083.0,5093.0,5073.0,20.0,False,1,2023,6.5,0.001277139208173691,65.0,6.0,0.0011788977306218685,60.0,5.5,0.0010806562530700462,55.0,4.5,0.0008841732979664014,45.0
2023-01-27,WDO,M5,C1,short,2023-01-27 09:45:00,5090.0,2023-01-27 09:45:00,5087.75,tp,5098.0,5087.75,5095.0,5080.5,14.5,False,1,2023,2.25,0.0004420432220039293,22.5,1.75,0.000343811394891945,17.5,1.25,0.0002455795677799607,12.5,0.25,4.911591355599214e-05,2.5
2023-01-30,WDO,M5,C1,long,2023-01-30 09:45:00,5117.0,2023-01-30 09:50:00,5103.5,stop,5103.5,5120.25,5129.0,5111.5,17.5,False,1,2023,-13.5,-0.002638264608168849,-135.0,-14.0,-0.0027359781121751026,-140.0,-14.5,-0.002833691616181356,-145.0,-15.5,-0.0030291186241938636,-155.0
2023-01-31,WDO,M5,C1,long,2023-01-31 09:25:00,5152.0,2023-01-31 09:35:00,5143.5,stop,5143.5,5158.25,5166.5,5150.0,16.5,True,1,2023,-8.5,-0.0016498447204968945,-85.0,-9.0,-0.0017468944099378882,-90.0,-9.5,-0.001843944099378882,-95.0,-10.5,-0.0020380434782608695,-105.0
2023-02-01,WDO,M5,C1,short,2023-02-01 10:10:00,5091.0,2023-02-01 10:10:00,5086.5,tp,5094.5,5086.5,5094.0,5079.0,15.0,False,1,2023,4.5,0.0008839127872716559,45.0,4.0,0.000785700255352583,40.0,3.5,0.0006874877234335101,35.0,2.5,0.0004910626595953643,25.0
2023-02-03,WDO,M5,C1,long,2023-02-03 10:30:00,5105.5,2023-02-03 10:30:00,5079.5,stop,5079.5,5122.5,5142.0,5103.0,39.0,False,1,2023,-26.0,-0.0050925472529624915,-260.0,-26.5,-0.005190480853981001,-265.0,-27.0,-0.00528841445499951,-270.0,-28.0,-0.005484281657036529,-280.0
2023-02-06,WDO,M5,C1,long,2023-02-06 10:15:00,5182.0,2023-02-06 10:35:00,5190.75,tp,5172.0,5190.75,5200.0,5181.5,18.5,False,1,2023,8.75,0.0016885372443072172,87.5,8.25,0.0015920494017753763,82.5,7.75,0.0014955615592435352,77.5,6.75,0.0013025858741798533,67.5
2023-02-08,WDO,M5,C1,long,2023-02-08 10:05:00,5203.0,2023-02-08 10:05:00,5205.0,tp,5183.0,5205.0,5212.0,5198.0,14.0,False,1,2023,2.0,0.0003843936190659235,20.0,1.5,0.00028829521429944266,15.0,1.0,0.00019219680953296174,10.0,0.0,0.0,0.0
2023-02-09,WDO,M5,C1,short,2023-02-09 10:55:00,5204.5,2023-02-09 10:55:00,5198.25,tp,5241.0,5198.25,5207.5,5189.0,18.5,False,1,2023,6.25,0.0012008838505139783,62.5,5.75,0.00110481314247286,57.5,5.25,0.0010087424344317419,52.5,4.25,0.0008166010183495052,42.5
2023-02-13,WDO,M5,C1,long,2023-02-13 10:40:00,5228.5,2023-02-13 11:30:00,5203.0,stop,5203.0,5233.75,5242.5,5225.0,17.5,False,1,2023,-25.5,-0.004877115807593,-255.0,-26.0,-0.00497274552931051,-260.0,-26.5,-0.0050683752510280195,-265.0,-27.5,-0.005259634694463039,-275.0
2023-02-14,WDO,M5,C1,short,2023-02-14 09:30:00,5170.5,2023-02-14 09:30:00,5162.75,tp,5178.0,5162.75,5171.0,5154.5,16.5,False,1,2023,7.75,0.001498887921864423,77.5,7.25,0.001402185475292525,72.5,6.75,0.0013054830287206266,67.5,5.75,0.00111207813557683,57.5
2023-02-15,WDO,M5,C1,long,2023-02-15 09:25:00,5218.5,2023-02-15 09:25:00,5213.0,tp,5201.0,5213.0,5221.0,5205.0,16.0,False,1,2023,-5.5,-0.0010539427038421003,-55.0,-6.0,-0.0011497556769186547,-60.0,-6.5,-0.0012455686499952094,-65.0,-7.5,-0.0014371945961483186,-75.0
2023-02-23,WDO,M5,C1,short,2023-02-23 10:05:00,5155.5,2023-02-23 10:10:00,5163.0,stop,5163.0,5148.5,5156.0,5141.0,15.0,False,1,2023,-7.5,-0.0014547570555717194,-75.0,-8.0,-0.0015517408592765009,-80.0,-8.5,-0.0016487246629812821,-85.0,-9.5,-0.0018426922703908446,-95.0
2023-02-24,WDO,M5,C1,short,2023-02-24 09:45:00,5163.0,2023-02-24 09:50:00,5160.0,tp,5170.5,5160.0,5168.5,5151.5,17.0,False,1,2023,3.0,0.0005810575246949448,30.0,2.5,0.000484214603912454,25.0,2.0,0.0003873716831299632,20.0,1.0,0.0001936858415649816,10.0
2023-02-27,WDO,M5,C1,short,2023-02-27 10:10:00,5196.5,2023-02-27 10:20:00,5204.0,stop,5204.0,5188.0,5198.5,5177.5,21.0,False,1,2023,-7.5,-0.0014432791301837776,-75.0,-8.0,-0.001539497738862696,-80.0,-8.5,-0.0016357163475416146,-85.0,-9.5,-0.0018281535648994515,-95.0
2023-02-28,WDO,M5,C1,short,2023-02-28 09:55:00,5237.5,2023-02-28 09:55:00,5236.75,tp,5258.0,5236.75,5246.0,5227.5,18.5,True,1,2023,0.75,0.0001431980906921241,7.5,0.25,4.7732696897374704e-05,2.5,-0.25,-4.7732696897374704e-05,-2.5,-1.25,-0.00023866348448687351,-12.5
2023-03-01,WDO,M5,C1,long,2023-03-01 10:25:00,5230.5,2023-03-01 10:25:00,5242.0,tp,5222.5,5242.0,5254.0,5230.0,24.0,False,1,2023,11.5,0.0021986425771914732,115.0,11.0,0.002103049421661409,110.0,10.5,0.002007456266131345,105.0,9.5,0.001816269955071217,95.0
2023-03-03,WDO,M5,C1,short,2023-03-03 10:10:00,5232.0,2023-03-03 11:05:00,5223.25,tp,5246.0,5223.25,5233.0,5213.5,19.5,False,1,2023,8.75,0.0016724006116207951,87.5,8.25,0.0015768348623853212,82.5,7.75,0.001481269113149847,77.5,6.75,0.0012901376146788992,67.5
2023-03-06,WDO,M5,C1,short,2023-03-06 10:45:00,5240.5,2023-03-06 11:00:00,5247.0,stop,5247.0,5234.5,5243.5,5225.5,18.0,False,1,2023,-6.5,-0.0012403396622459688,-65.0,-7.0,-0.0013357504054956589,-70.0,-7.5,-0.0014311611487453487,-75.0,-8.5,-0.0016219826352447285,-85.0
2023-03-07,WDO,M5,C1,short,2023-03-07 10:50:00,5196.0,2023-03-07 11:00:00,5210.0,stop,5210.0,5190.0,5198.0,5182.0,16.0,False,1,2023,-14.0,-0.0026943802925327174,-140.0,-14.5,-0.0027906081601231716,-145.0,-15.0,-0.002886836027713626,-150.0,-16.0,-0.003079291762894534,-160.0
2023-03-09,WDO,M5,C1,short,2023-03-09 09:45:00,5158.5,2023-03-09 09:55:00,5168.5,stop,5168.5,5150.75,5160.5,5141.0,19.5,False,1,2023,-10.0,-0.001938548027527382,-100.0,-10.5,-0.002035475428903751,-105.0,-11.0,-0.00213240283028012,-110.0,-12.0,-0.0023262576330328583,-120.0
2023-03-10,WDO,M5,C1,short,2023-03-10 09:35:00,5197.0,2023-03-10 09:55:00,5204.0,stop,5204.0,5187.0,5199.0,5175.0,24.0,False,1,2023,-7.0,-0.0013469309216855877,-70.0,-7.5,-0.0014431402732345583,-75.0,-8.0,-0.001539349624783529,-80.0,-9.0,-0.00173176832788147,-90.0
2023-03-13,WDO,M5,C1,short,2023-03-13 09:25:00,5269.5,2023-03-13 09:30:00,5279.5,stop,5279.5,5252.25,5272.5,5232.0,40.5,False,1,2023,-10.0,-0.0018977132555270898,-100.0,-10.5,-0.0019925989183034445,-105.0,-11.0,-0.002087484581079799,-110.0,-12.0,-0.002277255906632508,-120.0
2023-03-14,WDO,M5,C1,short,2023-03-14 09:30:00,5261.5,2023-03-14 09:30:00,5269.5,stop,5269.5,5255.25,5263.5,5247.0,16.5,False,1,2023,-8.0,-0.001520478950869524,-80.0,-8.5,-0.0016155088852988692,-85.0,-9.0,-0.0017105388197282143,-90.0,-10.0,-0.0019005986885869048,-100.0
2023-03-15,WDO,M5,C1,long,2023-03-15 09:25:00,5319.0,2023-03-15 09:30:00,5310.0,stop,5310.0,5332.25,5347.0,5317.5,29.5,False,1,2023,-9.0,-0.001692047377326565,-90.0,-9.5,-0.0017860500094002633,-95.0,-10.0,-0.0018800526414739613,-100.0,-11.0,-0.0020680579056213573,-110.0
2023-03-16,WDO,M5,C1,short,2023-03-16 10:40:00,5293.0,2023-03-16 10:40:00,5292.25,tp,5313.0,5292.25,5299.0,5285.5,13.5,False,1,2023,0.75,0.00014169658038919327,7.5,0.25,4.723219346306443e-05,2.5,-0.25,-4.723219346306443e-05,-2.5,-1.25,-0.00023616096731532212,-12.5
2023-03-17,WDO,M5,C1,short,2023-03-17 09:45:00,5259.5,2023-03-17 09:45:00,5267.0,stop,5267.0,5254.5,5261.5,5247.5,14.0,False,1,2023,-7.5,-0.0014259910637893336,-75.0,-8.0,-0.0015210571347086224,-80.0,-8.5,-0.0016161232056279113,-85.0,-9.5,-0.0018062553474664893,-95.0
2023-03-20,WDO,M5,C1,short,2023-03-20 09:45:00,5291.5,2023-03-20 09:45:00,5284.5,tp,5297.5,5284.5,5291.5,5277.5,14.0,False,1,2023,7.0,0.0013228763110649155,70.0,6.5,0.00122838514598885,65.0,6.0,0.0011338939809127846,60.0,5.0,0.0009449116507606539,50.0
2023-03-24,WDO,M5,C1,short,2023-03-24 09:45:00,5336.0,2023-03-24 10:20:00,5329.0,tp,5349.0,5329.0,5340.0,5318.0,22.0,False,1,2023,7.0,0.0013118440779610195,70.0,6.5,0.0012181409295352324,65.0,6.0,0.0011244377811094452,60.0,5.0,0.0009370314842578711,50.0
2023-03-27,WDO,M5,C1,long,2023-03-27 09:40:00,5233.5,2023-03-27 11:00:00,5227.5,stop,5227.5,5245.0,5257.0,5233.0,24.0,False,1,2023,-6.0,-0.0011464603038119805,-60.0,-6.5,-0.0012419986624629788,-65.0,-7.0,-0.0013375370211139773,-70.0,-8.0,-0.001528613738415974,-80.0
2023-03-28,WDO,M5,C1,long,2023-03-28 09:30:00,5178.5,2023-03-28 09:40:00,5187.25,tp,5162.5,5187.25,5199.0,5175.5,23.5,False,1,2023,8.75,0.0016896784783238389,87.5,8.25,0.0015931254224196196,82.5,7.75,0.0014965723665154001,77.5,6.75,0.0013034662547069616,67.5
2023-03-29,WDO,M5,C1,short,2023-03-29 10:00:00,5165.5,2023-03-29 10:15:00,5160.5,tp,5185.0,5160.5,5169.0,5152.0,17.0,False,1,2023,5.0,0.0009679605072113057,50.0,4.5,0.0008711644564901752,45.0,4.0,0.0007743684057690447,40.0,3.0,0.0005807763043267835,30.0
2023-03-30,WDO,M5,C1,long,2023-03-30 09:35:00,5084.0,2023-03-30 09:45:00,5097.5,tp,5070.0,5097.5,5113.5,5081.5,32.0,False,1,2023,13.5,0.0026553894571203778,135.0,13.0,0.0025570416994492528,130.0,12.5,0.0024586939417781273,125.0,11.5,0.0022619984264358774,115.0
2023-04-03,WDO,M5,C1,short,2023-04-03 11:30:00,5072.5,2023-04-03 11:30:00,5071.0,tp,5099.5,5071.0,5079.0,5063.0,16.0,False,1,2023,1.5,0.0002957121734844751,15.0,1.0,0.00019714144898965008,10.0,0.5,9.857072449482504e-05,5.0,-0.5,-9.857072449482504e-05,-5.0
2023-04-04,WDO,M5,C1,short,2023-04-04 09:25:00,5079.0,2023-04-04 09:25:00,5084.0,stop,5084.0,5076.5,5081.5,5071.5,10.0,False,1,2023,-5.0,-0.0009844457570387872,-50.0,-5.5,-0.0010828903327426659,-55.0,-6.0,-0.0011813349084465446,-60.0,-7.0,-0.001378224059854302,-70.0
2023-04-13,WDO,M5,C1,short,2023-04-13 09:55:00,4935.0,2023-04-13 10:30:00,4927.5,tp,4952.0,4927.5,4939.0,4916.0,23.0,False,1,2023,7.5,0.001519756838905775,75.0,7.0,0.0014184397163120568,70.0,6.5,0.0013171225937183384,65.0,5.5,0.0011144883485309017,55.0
2023-04-14,WDO,M5,C1,long,2023-04-14 09:35:00,4936.0,2023-04-14 09:35:00,4935.0,tp,4902.5,4935.0,4949.0,4921.0,28.0,False,1,2023,-1.0,-0.0002025931928687196,-10.0,-1.5,-0.00030388978930307944,-15.0,-2.0,-0.0004051863857374392,-20.0,-3.0,-0.0006077795786061589,-30.0
2023-04-20,WDO,M5,C1,long,2023-04-20 09:45:00,5076.0,2023-04-20 10:05:00,5063.0,stop,5063.0,5082.5,5092.5,5072.5,20.0,False,1,2023,-13.0,-0.00256107171000788,-130.0,-13.5,-0.0026595744680851063,-135.0,-14.0,-0.0027580772261623326,-140.0,-15.0,-0.002955082742316785,-150.0
2023-04-24,WDO,M5,C1,long,2023-04-24 09:35:00,5071.0,2023-04-24 09:35:00,5068.0,stop,5068.0,5077.75,5085.0,5070.5,14.5,False,1,2023,-3.0,-0.0005915992900808519,-30.0,-3.5,-0.0006901991717609938,-35.0,-4.0,-0.0007887990534411359,-40.0,-5.0,-0.0009859988168014198,-50.0
2023-04-25,WDO,M5,C1,short,2023-04-25 09:35:00,5064.0,2023-04-25 09:35:00,5057.5,tp,5070.5,5057.5,5065.0,5050.0,15.0,False,1,2023,6.5,0.0012835703001579778,65.0,6.0,0.001184834123222749,60.0,5.5,0.0010860979462875198,55.0,4.5,0.0008886255924170616,45.0
2023-04-26,WDO,M5,C1,short,2023-04-26 09:25:00,5053.0,2023-04-26 09:35:00,5065.0,stop,5065.0,5048.0,5059.0,5037.0,22.0,False,1,2023,-12.0,-0.002374826835543242,-120.0,-12.5,-0.0024737779536908766,-125.0,-13.0,-0.002572729071838512,-130.0,-14.0,-0.002770631308133782,-140.0
2023-04-27,WDO,M5,C1,short,2023-04-27 09:50:00,5032.5,2023-04-27 09:50:00,5035.0,tp,5050.0,5035.0,5044.0,5026.0,18.0,False,1,2023,-2.5,-0.0004967709885742673,-25.0,-3.0,-0.0005961251862891207,-30.0,-3.5,-0.0006954793840039742,-35.0,-4.5,-0.0008941877794336811,-45.0
2023-04-28,WDO,M5,C1,short,2023-04-28 09:40:00,5030.0,2023-04-28 09:40:00,5030.25,tp,5050.0,5030.25,5038.0,5022.5,15.5,True,1,2023,-0.25,-4.970178926441352e-05,-2.5,-0.75,-0.00014910536779324057,-7.5,-1.25,-0.00024850894632206757,-12.5,-2.25,-0.0004473161033797217,-22.5
2023-05-03,WDO,M5,C1,short,2023-05-03 09:40:00,5061.0,2023-05-03 09:45:00,5073.5,stop,5073.5,5054.5,5064.5,5044.5,20.0,False,1,2023,-12.5,-0.0024698676150958308,-125.0,-13.0,-0.002568662319699664,-130.0,-13.5,-0.0026674570243034974,-135.0,-14.5,-0.0028650464335111636,-145.0
2023-05-04,WDO,M5,C1,short,2023-05-04 09:25:00,5014.5,2023-05-04 09:25:00,5012.0,tp,5028.0,5012.0,5021.0,5003.0,18.0,False,1,2023,2.5,0.0004985541928407618,25.0,2.0,0.0003988433542726094,20.0,1.5,0.0002991325157044571,15.0,0.5,9.971083856815236e-05,5.0
2023-05-05,WDO,M5,C1,long,2023-05-05 10:00:00,5018.5,2023-05-05 10:00:00,5016.0,tp,5003.0,5016.0,5025.0,5007.0,18.0,False,1,2023,-2.5,-0.0004981568197668626,-25.0,-3.0,-0.0005977881837202351,-30.0,-3.5,-0.0006974195476736076,-35.0,-4.5,-0.0008966822755803527,-45.0
2023-05-08,WDO,M5,C1,short,2023-05-08 09:40:00,4973.0,2023-05-08 09:40:00,4972.25,tp,4986.0,4972.25,4978.5,4966.0,12.5,False,1,2023,0.75,0.00015081439774783834,7.5,0.25,5.027146591594611e-05,2.5,-0.25,-5.027146591594611e-05,-2.5,-1.25,-0.00025135732957973054,-12.5
2023-05-09,WDO,M5,C1,short,2023-05-09 10:55:00,5029.5,2023-05-09 10:55:00,5026.75,tp,5060.0,5026.75,5033.5,5020.0,13.5,False,1,2023,2.75,0.0005467740332040958,27.5,2.25,0.000447360572621533,22.5,1.75,0.0003479471120389701,17.5,0.75,0.00014912019087384433,7.5
2023-05-11,WDO,M5,C1,long,2023-05-11 09:40:00,4974.0,2023-05-11 09:40:00,4979.75,tp,4966.5,4979.75,4987.0,4972.5,14.5,False,1,2023,5.75,0.001156011258544431,57.5,5.25,0.0010554885404101327,52.5,4.75,0.0009549658222758343,47.5,3.75,0.0007539203860072376,37.5
2023-05-12,WDO,M5,C1,short,2023-05-12 09:25:00,4970.0,2023-05-12 09:40:00,4962.0,tp,4975.0,4962.0,4971.0,4953.0,18.0,False,1,2023,8.0,0.0016096579476861167,80.0,7.5,0.0015090543259557343,75.0,7.0,0.0014084507042253522,70.0,6.0,0.0012072434607645875,60.0
2023-05-15,WDO,M5,C1,long,2023-05-15 09:45:00,4925.0,2023-05-15 10:20:00,4931.0,tp,4918.0,4931.0,4938.0,4924.0,14.0,False,1,2023,6.0,0.001218274111675127,60.0,5.5,0.001116751269035533,55.0,5.0,0.0010152284263959391,50.0,4.0,0.0008121827411167512,40.0
2023-05-16,WDO,M5,C1,short,2023-05-16 10:30:00,4915.0,2023-05-16 10:30:00,4911.75,tp,4930.0,4911.75,4922.0,4901.5,20.5,False,1,2023,3.25,0.0006612410986775178,32.5,2.75,0.0005595116988809766,27.5,2.25,0.0004577822990844354,22.5,1.25,0.000254323499491353,12.5
2023-05-17,WDO,M5,C1,short,2023-05-17 09:50:00,4975.0,2023-05-17 09:50:00,4964.0,tp,4984.5,4964.0,4977.5,4950.5,27.0,False,1,2023,11.0,0.0022110552763819095,110.0,10.5,0.0021105527638190956,105.0,10.0,0.0020100502512562816,100.0,9.0,0.0018090452261306533,90.0
2023-05-18,WDO,M5,C1,short,2023-05-18 10:05:00,4974.5,2023-05-18 10:25:00,4968.0,tp,4986.0,4968.0,4974.5,4961.5,13.0,False,1,2023,6.5,0.0013066639863302844,65.0,6.0,0.0012061513719971856,60.0,5.5,0.0011056387576640868,55.0,4.5,0.0009046135289978892,45.0
2023-05-19,WDO,M5,C1,short,2023-05-19 09:35:00,4968.5,2023-05-19 09:40:00,4974.0,stop,4974.0,4963.5,4970.5,4956.5,14.0,False,1,2023,-5.5,-0.0011069739357955116,-55.0,-6.0,-0.00120760792995874,-60.0,-6.5,-0.0013082419241219683,-65.0,-7.5,-0.001509509912448425,-75.0
2023-05-23,WDO,M5,C1,short,2023-05-23 09:40:00,4995.0,2023-05-23 09:45:00,5001.5,stop,5001.5,4989.0,4995.0,4983.0,12.0,False,1,2023,-6.5,-0.0013013013013013013,-65.0,-7.0,-0.0014014014014014013,-70.0,-7.5,-0.0015015015015015015,-75.0,-8.5,-0.0017017017017017016,-85.0
2023-05-24,WDO,M5,C1,long,2023-05-24 09:35:00,4953.0,2023-05-24 09:40:00,4946.0,stop,4946.0,4961.5,4971.5,4951.5,20.0,False,1,2023,-7.0,-0.001413284877851807,-70.0,-7.5,-0.0015142337976983646,-75.0,-8.0,-0.0016151827175449223,-80.0,-9.0,-0.0018170805572380376,-90.0
2023-05-26,WDO,M5,C1,short,2023-05-26 09:55:00,5009.0,2023-05-26 09:55:00,5015.5,tp,5036.0,5015.5,5023.0,5008.0,15.0,False,1,2023,-6.5,-0.0012976642044320223,-65.0,-7.0,-0.0013974845278498702,-70.0,-7.5,-0.001497304851267718,-75.0,-8.5,-0.0016969454981034138,-85.0
2023-05-29,WDO,M5,C1,long,2023-05-29 10:40:00,4991.5,2023-05-29 11:05:00,4997.75,tp,4977.0,4997.75,5006.0,4989.5,16.5,False,1,2023,6.25,0.001252128618651708,62.5,5.75,0.0011519583291595714,57.5,5.25,0.0010517880396674346,52.5,4.25,0.0008514474606831614,42.5
2023-05-31,WDO,M5,C1,short,2023-05-31 11:10:00,5114.0,2023-05-31 11:35:00,5123.5,stop,5123.5,5099.25,5114.5,5084.0,30.5,True,1,2023,-9.5,-0.0018576456785295268,-95.0,-10.0,-0.0019554165037152915,-100.0,-10.5,-0.002053187328901056,-105.0,-11.5,-0.002248728979272585,-115.0
2023-06-01,WDO,M5,C1,long,2023-06-01 09:50:00,5059.0,2023-06-01 09:50:00,5069.0,tp,5048.5,5069.0,5080.5,5057.5,23.0,False,1,2023,10.0,0.0019766752322593396,100.0,9.5,0.0018778414706463729,95.0,9.0,0.0017790077090334058,90.0,8.0,0.001581340185807472,80.0
2023-06-02,WDO,M5,C1,long,2023-06-02 09:25:00,5017.5,2023-06-02 09:25:00,5012.0,stop,5012.0,5023.5,5031.0,5016.0,15.0,False,1,2023,-5.5,-0.001096163428001993,-55.0,-6.0,-0.001195814648729447,-60.0,-6.5,-0.0012954658694569008,-65.0,-7.5,-0.0014947683109118087,-75.0
2023-06-05,WDO,M5,C1,long,2023-06-05 09:40:00,4969.5,2023-06-05 10:00:00,4961.0,stop,4961.0,4984.75,5001.0,4968.5,32.5,False,1,2023,-8.5,-0.0017104336452359392,-85.0,-9.0,-0.0018110473890733474,-90.0,-9.5,-0.0019116611329107556,-95.0,-10.5,-0.002112888620585572,-105.0
2023-06-06,WDO,M5,C1,short,2023-06-06 11:10:00,4955.0,2023-06-06 11:30:00,4947.0,tp,4979.0,4947.0,4957.5,4936.5,21.0,False,1,2023,8.0,0.0016145307769929364,80.0,7.5,0.0015136226034308778,75.0,7.0,0.0014127144298688194,70.0,6.0,0.0012108980827447023,60.0
2023-06-07,WDO,M5,C1,short,2023-06-07 09:35:00,4941.5,2023-06-07 09:40:00,4933.75,tp,4948.0,4933.75,4941.5,4926.0,15.5,False,1,2023,7.75,0.0015683496913892544,77.5,7.25,0.001467165840331883,72.5,6.75,0.0013659819892745118,67.5,5.75,0.0011636142871597694,57.5
2023-06-12,WDO,M5,C1,short,2023-06-12 09:35:00,4900.5,2023-06-12 09:35:00,4896.25,tp,4908.5,4896.25,4905.0,4887.5,17.5,False,1,2023,4.25,0.0008672584430160188,42.5,3.75,0.0007652280379553107,37.5,3.25,0.0006631976328946026,32.5,2.25,0.0004591368227731864,22.5
2023-06-13,WDO,M5,C1,long,2023-06-13 11:00:00,4880.5,2023-06-13 11:00:00,4881.75,tp,4865.0,4881.75,4886.5,4877.0,9.5,False,1,2023,1.25,0.00025612129904722876,12.5,0.75,0.00015367277942833726,7.5,0.25,5.1224259809445757e-05,2.5,-0.75,-0.00015367277942833726,-7.5
2023-06-14,WDO,M5,C1,long,2023-06-14 09:40:00,4868.5,2023-06-14 09:45:00,4864.5,stop,4864.5,4873.0,4878.5,4867.5,11.0,False,1,2023,-4.0,-0.0008216082982438123,-40.0,-4.5,-0.0009243093355242888,-45.0,-5.0,-0.0010270103728047654,-50.0,-6.0,-0.0012324124473657185,-60.0
2023-06-15,WDO,M5,C1,short,2023-06-15 09:50:00,4849.5,2023-06-15 09:55:00,4842.5,tp,4858.5,4842.5,4851.5,4833.5,18.0,False,1,2023,7.0,0.0014434477781214558,70.0,6.5,0.0013403443653984947,65.0,6.0,0.0012372409526755336,60.0,5.0,0.0010310341272296113,50.0
2023-06-16,WDO,M5,C1,short,2023-06-16 09:30:00,4835.5,2023-06-16 09:30:00,4841.0,stop,4841.0,4827.25,4835.0,4819.5,15.5,False,1,2023,-5.5,-0.0011374211560335023,-55.0,-6.0,-0.0012408230793092751,-60.0,-6.5,-0.0013442250025850482,-65.0,-7.5,-0.001551028849136594,-75.0
2023-06-20,WDO,M5,C1,long,2023-06-20 09:55:00,4791.5,2023-06-20 10:05:00,4798.5,tp,4783.0,4798.5,4805.0,4792.0,13.0,False,1,2023,7.0,0.0014609203798392988,70.0,6.5,0.0013565689241364918,65.0,6.0,0.0012522174684336846,60.0,5.0,0.0010435145570280705,50.0
2023-06-21,WDO,M5,C1,short,2023-06-21 10:30:00,4801.5,2023-06-21 10:30:00,4796.0,tp,4823.0,4796.0,4803.0,4789.0,14.0,False,1,2023,5.5,0.001145475372279496,55.0,5.0,0.0010413412475268145,50.0,4.5,0.0009372071227741331,45.0,3.5,0.0007289388732687702,35.0
2023-06-22,WDO,M5,C1,long,2023-06-22 10:05:00,4774.0,2023-06-22 10:05:00,4775.25,tp,4758.0,4775.25,4783.0,4767.5,15.5,False,1,2023,1.25,0.0002618349392542941,12.5,0.75,0.00015710096355257646,7.5,0.25,5.236698785085882e-05,2.5,-0.75,-0.00015710096355257646,-7.5
2023-06-23,WDO,M5,C1,long,2023-06-23 10:15:00,4800.0,2023-06-23 10:15:00,4804.0,tp,4789.0,4804.0,4812.5,4795.5,17.0,False,1,2023,4.0,0.0008333333333333334,40.0,3.5,0.0007291666666666667,35.0,3.0,0.000625,30.0,2.0,0.0004166666666666667,20.0
2023-06-26,WDO,M5,C1,long,2023-06-26 11:35:00,4780.5,2023-06-26 11:35:00,4782.5,tp,4761.5,4782.5,4786.5,4778.5,8.0,False,1,2023,2.0,0.00041836627967785795,20.0,1.5,0.00031377470975839345,15.0,1.0,0.00020918313983892898,10.0,0.0,0.0,0.0
2023-06-27,WDO,M5,C1,long,2023-06-27 10:15:00,4764.5,2023-06-27 10:30:00,4773.0,tp,4752.5,4773.0,4782.0,4764.0,18.0,False,1,2023,8.5,0.001784027704900829,85.0,8.0,0.001679084898730192,80.0,7.5,0.001574142092559555,75.0,6.5,0.001364256480218281,65.0
2023-07-03,WDO,M5,C1,long,2023-07-03 09:30:00,4794.0,2023-07-03 09:45:00,4806.75,tp,4783.5,4806.75,4821.0,4792.5,28.5,False,1,2023,12.75,0.0026595744680851063,127.5,12.25,0.0025552774301209847,122.5,11.75,0.0024509803921568627,117.5,10.75,0.002242386316228619,107.5
2023-07-04,WDO,M5,C1,long,2023-07-04 09:35:00,4816.5,2023-07-04 09:40:00,4814.0,stop,4814.0,4820.5,4825.0,4816.0,9.0,False,1,2023,-2.5,-0.0005190491020450534,-25.0,-3.0,-0.0006228589224540642,-30.0,-3.5,-0.0007266687428630748,-35.0,-4.5,-0.0009342883836810962,-45.0
2023-07-07,WDO,M5,C1,short,2023-07-07 10:05:00,4932.0,2023-07-07 10:05:00,4936.75,tp,4959.0,4936.75,4944.5,4929.0,15.5,False,1,2023,-4.75,-0.0009630981346309814,-47.5,-5.25,-0.0010644768856447689,-52.5,-5.75,-0.0011658556366585563,-57.5,-6.75,-0.0013686131386861315,-67.5
2023-07-10,WDO,M5,C1,short,2023-07-10 09:25:00,4891.5,2023-07-10 09:30:00,4898.5,stop,4898.5,4884.5,4893.5,4875.5,18.0,False,1,2023,-7.0,-0.001431053868956353,-70.0,-7.5,-0.0015332720024532351,-75.0,-8.0,-0.0016354901359501176,-80.0,-9.0,-0.0018399264029438822,-90.0
2023-07-11,WDO,M5,C1,short,2023-07-11 10:00:00,4916.5,2023-07-11 10:00:00,4909.75,tp,4941.5,4909.75,4919.0,4900.5,18.5,False,1,2023,6.75,0.0013729278958608767,67.5,6.25,0.0012712295332045155,62.5,5.75,0.001169531170548154,57.5,4.75,0.0009661344452354318,47.5
2023-07-12,WDO,M5,C1,short,2023-07-12 09:30:00,4865.5,2023-07-12 09:30:00,4867.25,tp,4878.0,4867.25,4872.0,4862.5,9.5,False,1,2023,-1.75,-0.0003596752646182304,-17.5,-2.25,-0.0004624396259377248,-22.5,-2.75,-0.0005652039872572192,-27.5,-3.75,-0.000770732709896208,-37.5
2023-07-13,WDO,M5,C1,short,2023-07-13 09:25:00,4826.0,2023-07-13 09:30:00,4820.75,tp,4832.5,4820.75,4828.5,4813.0,15.5,False,1,2023,5.25,0.0010878574388727726,52.5,4.75,0.000984251968503937,47.5,4.25,0.0008806464981351015,42.5,3.25,0.0006734355573974306,32.5
2023-07-14,WDO,M5,C1,long,2023-07-14 10:40:00,4813.0,2023-07-14 10:40:00,4816.5,tp,4790.5,4816.5,4827.0,4806.0,21.0,False,1,2023,3.5,0.0007271971743195513,35.0,3.0,0.0006233118637024725,30.0,2.5,0.0005194265530853937,25.0,1.5,0.00031165593185123624,15.0
2023-07-17,WDO,M5,C1,short,2023-07-17 09:30:00,4825.0,2023-07-17 09:35:00,4831.0,stop,4831.0,4818.25,4826.0,4810.5,15.5,False,1,2023,-6.0,-0.001243523316062176,-60.0,-6.5,-0.0013471502590673575,-65.0,-7.0,-0.001450777202072539,-70.0,-8.0,-0.0016580310880829016,-80.0
2023-07-18,WDO,M5,C1,short,2023-07-18 10:00:00,4817.0,2023-07-18 10:55:00,4814.0,tp,4839.0,4814.0,4820.0,4808.0,12.0,False,1,2023,3.0,0.0006227942702927133,30.0,2.5,0.0005189952252439277,25.0,2.0,0.00041519618019514223,20.0,1.0,0.00020759809009757111,10.0
2023-07-19,WDO,M5,C1,long,2023-07-19 09:30:00,4819.5,2023-07-19 09:35:00,4825.25,tp,4816.0,4825.25,4832.5,4818.0,14.5,False,1,2023,5.75,0.001193069820520801,57.5,5.25,0.0010893246187363835,52.5,4.75,0.0009855794169519659,47.5,3.75,0.000778089013383131,37.5
2023-07-20,WDO,M5,C1,long,2023-07-20 11:30:00,4801.5,2023-07-20 11:30:00,4802.75,tp,4778.0,4802.75,4808.5,4797.0,11.5,False,1,2023,1.25,0.0002603353118817036,12.5,0.75,0.00015620118712902218,7.5,0.25,5.206706237634073e-05,2.5,-0.75,-0.00015620118712902218,-7.5
2023-07-24,WDO,M5,C1,long,2023-07-24 10:35:00,4776.5,2023-07-24 11:30:00,4759.0,stop,4759.0,4780.75,4788.5,4773.0,15.5,False,1,2023,-17.5,-0.003663770543284832,-175.0,-18.0,-0.0037684497016643986,-180.0,-18.5,-0.0038731288600439653,-185.0,-19.5,-0.004082487176803098,-195.0
2023-07-25,WDO,M5,C1,short,2023-07-25 11:20:00,4736.0,2023-07-25 13:00:00,4748.0,time,4764.5,4729.25,4736.0,4722.5,13.5,False,1,2023,-12.0,-0.002533783783783784,-120.0,-12.5,-0.002639358108108108,-125.0,-13.0,-0.0027449324324324326,-130.0,-14.0,-0.0029560810810810812,-140.0
2023-07-26,WDO,M5,C1,short,2023-07-26 09:40:00,4750.0,2023-07-26 09:50:00,4743.5,tp,4758.0,4743.5,4753.0,4734.0,19.0,False,1,2023,6.5,0.0013684210526315789,65.0,6.0,0.0012631578947368421,60.0,5.5,0.0011578947368421054,55.0,4.5,0.0009473684210526315,45.0
2023-07-27,WDO,M5,C1,long,2023-07-27 09:50:00,4723.0,2023-07-27 10:05:00,4713.0,stop,4713.0,4730.75,4738.5,4723.0,15.5,False,1,2023,-10.0,-0.002117298327334321,-100.0,-10.5,-0.0022231632437010374,-105.0,-11.0,-0.0023290281600677537,-110.0,-12.0,-0.0025407579928011857,-120.0
2023-07-28,WDO,M5,C1,long,2023-07-28 10:05:00,4725.0,2023-07-28 10:05:00,4723.5,tp,4697.0,4723.5,4732.0,4715.0,17.0,False,1,2023,-1.5,-0.00031746031746031746,-15.0,-2.0,-0.0004232804232804233,-20.0,-2.5,-0.0005291005291005291,-25.0,-3.5,-0.0007407407407407407,-35.0
2023-07-31,WDO,M5,C1,short,2023-07-31 10:35:00,4766.5,2023-07-31 10:55:00,4774.0,stop,4774.0,4756.5,4767.0,4746.0,21.0,True,1,2023,-7.5,-0.001573481590265394,-75.0,-8.0,-0.0016783803629497535,-80.0,-8.5,-0.0017832791356341131,-85.0,-9.5,-0.001993076681002832,-95.0
2023-08-08,WDO,M5,C1,long,2023-08-08 09:30:00,4955.0,2023-08-08 09:35:00,4947.5,stop,4947.5,4956.0,4963.0,4949.0,14.0,False,1,2023,-7.5,-0.0015136226034308778,-75.0,-8.0,-0.0016145307769929364,-80.0,-8.5,-0.0017154389505549949,-85.0,-9.5,-0.001917255297679112,-95.0
2023-08-09,WDO,M5,C1,short,2023-08-09 09:30:00,4909.5,2023-08-09 09:30:00,4914.75,tp,4926.0,4914.75,4922.0,4907.5,14.5,False,1,2023,-5.25,-0.0010693553315001528,-52.5,-5.75,-0.0011711986964049292,-57.5,-6.25,-0.0012730420613097056,-62.5,-7.25,-0.0014767287911192585,-72.5
2023-08-11,WDO,M5,C1,short,2023-08-11 09:40:00,4900.5,2023-08-11 09:45:00,4910.0,stop,4910.0,4891.25,4901.5,4881.0,20.5,False,1,2023,-9.5,-0.0019385776961534538,-95.0,-10.0,-0.002040608101214162,-100.0,-10.5,-0.0021426385062748698,-105.0,-11.5,-0.002346699316396286,-115.0
2023-08-15,WDO,M5,C1,long,2023-08-15 09:55:00,4988.5,2023-08-15 10:05:00,4977.0,stop,4977.0,4995.75,5008.0,4983.5,24.5,False,1,2023,-11.5,-0.0023053021950486118,-115.0,-12.0,-0.0024055327252681166,-120.0,-12.5,-0.0025057632554876213,-125.0,-13.5,-0.0027062243159266313,-135.0
2023-08-16,WDO,M5,C1,short,2023-08-16 09:30:00,4989.0,2023-08-16 09:30:00,4986.5,tp,4994.5,4986.5,4992.5,4980.5,12.0,False,1,2023,2.5,0.0005011024253357386,25.0,2.0,0.0004008819402685909,20.0,1.5,0.0003006614552014432,15.0,0.5,0.00010022048506714773,5.0
2023-08-17,WDO,M5,C1,short,2023-08-17 10:15:00,4985.0,2023-08-17 10:15:00,4982.0,tp,4999.0,4982.0,4988.0,4976.0,12.0,False,1,2023,3.0,0.0006018054162487463,30.0,2.5,0.0005015045135406219,25.0,2.0,0.00040120361083249747,20.0,1.0,0.00020060180541624874,10.0
2023-08-18,WDO,M5,C1,short,2023-08-18 10:40:00,4998.0,2023-08-18 10:45:00,4993.75,tp,5014.5,4993.75,5000.0,4987.5,12.5,False,1,2023,4.25,0.0008503401360544217,42.5,3.75,0.0007503001200480192,37.5,3.25,0.0006502601040416166,32.5,2.25,0.0004501800720288115,22.5
2023-08-21,WDO,M5,C1,short,2023-08-21 09:35:00,4979.5,2023-08-21 09:40:00,4983.5,stop,4983.5,4975.0,4981.0,4969.0,12.0,False,1,2023,-4.0,-0.0008032935033637916,-40.0,-4.5,-0.0009037051912842655,-45.0,-5.0,-0.0010041168792047394,-50.0,-6.0,-0.0012049402550456873,-60.0
2023-08-22,WDO,M5,C1,long,2023-08-22 09:45:00,4959.5,2023-08-22 09:45:00,4965.25,tp,4952.5,4965.25,4975.0,4955.5,19.5,False,1,2023,5.75,0.0011593910676479483,57.5,5.25,0.001058574453069866,52.5,4.75,0.0009577578384917834,47.5,3.75,0.0007561246093356185,37.5
2023-08-23,WDO,M5,C1,short,2023-08-23 10:00:00,4943.5,2023-08-23 10:05:00,4939.25,tp,4949.0,4939.25,4946.0,4932.5,13.5,False,1,2023,4.25,0.0008597147769798725,42.5,3.75,0.0007585718620410641,37.5,3.25,0.0006574289471022555,32.5,2.25,0.0004551431172246384,22.5
2023-08-24,WDO,M5,C1,short,2023-08-24 09:50:00,4886.0,2023-08-24 10:05:00,4881.5,tp,4890.0,4881.5,4886.0,4877.0,9.0,False,1,2023,4.5,0.0009209987720016373,45.0,4.0,0.0008186655751125665,40.0,3.5,0.0007163323782234957,35.0,2.5,0.000511665984445354,25.0
2023-08-25,WDO,M5,C1,short,2023-08-25 11:00:00,4885.0,2023-08-25 11:00:00,4896.0,stop,4896.0,4875.25,4887.5,4863.0,24.5,False,1,2023,-11.0,-0.0022517911975435006,-110.0,-11.5,-0.002354145342886387,-115.0,-12.0,-0.0024564994882292734,-120.0,-13.0,-0.0026612077789150462,-130.0
2023-08-29,WDO,M5,C1,short,2023-08-29 09:55:00,4889.5,2023-08-29 10:05:00,4885.5,tp,4901.5,4885.5,4892.0,4879.0,13.0,False,2,2023,4.0,0.0008180795582370385,40.0,3.5,0.0007158196134574087,35.0,3.0,0.0006135596686777789,30.0,2.0,0.00040903977911851925,20.0
2023-08-30,WDO,M5,C1,long,2023-08-30 09:40:00,4853.0,2023-08-30 09:55:00,4856.75,tp,4844.0,4856.75,4863.0,4850.5,12.5,False,2,2023,3.75,0.0007727179064496188,37.5,3.25,0.0006696888522563362,32.5,2.75,0.0005666597980630537,27.5,1.75,0.00036060168967648877,17.5
2023-08-31,WDO,M5,C1,long,2023-08-31 09:35:00,4898.5,2023-08-31 09:35:00,4901.5,tp,4885.0,4901.5,4906.5,4896.5,10.0,True,2,2023,3.0,0.0006124323772583443,30.0,2.5,0.0005103603143819537,25.0,2.0,0.00040828825150556294,20.0,1.0,0.00020414412575278147,10.0
2023-09-01,WDO,M5,C1,long,2023-09-01 11:05:00,4944.5,2023-09-01 11:30:00,4954.0,tp,4920.0,4954.0,4963.0,4945.0,18.0,False,2,2023,9.5,0.0019213267266659925,95.0,9.0,0.0018202042673677824,90.0,8.5,0.0017190818080695723,85.0,7.5,0.001516836889473152,75.0
2023-09-04,WDO,M5,C1,long,2023-09-04 09:40:00,4951.0,2023-09-04 09:40:00,4955.0,tp,4946.0,4955.0,4959.0,4951.0,8.0,False,2,2023,4.0,0.0008079175924055746,40.0,3.5,0.0007069278933548778,35.0,3.0,0.000605938194304181,30.0,2.0,0.0004039587962027873,20.0
2023-09-05,WDO,M5,C1,short,2023-09-05 09:45:00,4983.5,2023-09-05 10:05:00,4991.5,stop,4991.5,4980.25,4986.5,4974.0,12.5,False,2,2023,-8.0,-0.0016052974816895757,-80.0,-8.5,-0.0017056285742951742,-85.0,-9.0,-0.0018059596669007724,-90.0,-10.0,-0.0020066218521119696,-100.0
2023-09-06,WDO,M5,C1,short,2023-09-06 10:10:00,5003.5,2023-09-06 10:10:00,4999.0,tp,5014.0,4999.0,5004.0,4994.0,10.0,False,2,2023,4.5,0.000899370440691516,45.0,4.0,0.000799440391725792,40.0,3.5,0.0006995103427600679,35.0,2.5,0.00049965024482862,25.0
2023-09-08,WDO,M5,C1,short,2023-09-08 11:05:00,5001.0,2023-09-08 13:00:00,4994.5,time,5011.5,4992.25,5001.5,4983.0,18.5,False,2,2023,6.5,0.001299740051989602,65.0,6.0,0.0011997600479904018,60.0,5.5,0.0010997800439912018,55.0,4.5,0.0008998200359928015,45.0
2023-09-11,WDO,M5,C1,long,2023-09-11 09:45:00,4968.5,2023-09-11 10:00:00,4963.0,stop,4963.0,4977.0,4987.5,4966.5,21.0,False,2,2023,-5.5,-0.0011069739357955116,-55.0,-6.0,-0.00120760792995874,-60.0,-6.5,-0.0013082419241219683,-65.0,-7.5,-0.001509509912448425,-75.0
2023-09-12,WDO,M5,C1,short,2023-09-12 09:50:00,4960.5,2023-09-12 09:55:00,4968.5,stop,4968.5,4954.5,4961.0,4948.0,13.0,False,2,2023,-8.0,-0.0016127406511440379,-80.0,-8.5,-0.0017135369418405403,-85.0,-9.0,-0.0018143332325370426,-90.0,-10.0,-0.0020159258139300475,-100.0
2023-09-14,WDO,M5,C1,long,2023-09-14 09:25:00,4916.0,2023-09-14 09:25:00,4909.0,stop,4909.0,4924.5,4934.0,4915.0,19.0,False,2,2023,-7.0,-0.0014239218877135883,-70.0,-7.5,-0.0015256305939788447,-75.0,-8.0,-0.0016273393002441008,-80.0,-9.0,-0.0018307567127746134,-90.0
2023-09-15,WDO,M5,C1,long,2023-09-15 10:40:00,4872.0,2023-09-15 10:40:00,4880.0,tp,4870.0,4880.0,4888.5,4871.5,17.0,False,2,2023,8.0,0.0016420361247947454,80.0,7.5,0.001539408866995074,75.0,7.0,0.0014367816091954023,70.0,6.0,0.0012315270935960591,60.0
2023-09-18,WDO,M5,C1,long,2023-09-18 09:35:00,4874.5,2023-09-18 09:50:00,4864.5,stop,4864.5,4879.0,4887.5,4870.5,17.0,False,2,2023,-10.0,-0.0020514924607652066,-100.0,-10.5,-0.002154067083803467,-105.0,-11.0,-0.0022566417068417273,-110.0,-12.0,-0.002461790952918248,-120.0
2023-09-19,WDO,M5,C1,short,2023-09-19 09:50:00,4856.5,2023-09-19 09:50:00,4853.5,tp,4866.0,4853.5,4859.0,4848.0,11.0,False,2,2023,3.0,0.0006177288170493154,30.0,2.5,0.0005147740142077627,25.0,2.0,0.00041181921136621024,20.0,1.0,0.00020590960568310512,10.0
2023-09-20,WDO,M5,C1,long,2023-09-20 09:35:00,4862.0,2023-09-20 09:35:00,4863.75,tp,4854.5,4863.75,4866.5,4861.0,5.5,False,2,2023,1.75,0.00035993418346359524,17.5,1.25,0.00025709584533113944,12.5,0.75,0.00015425750719868367,7.5,-0.25,-5.141916906622789e-05,-2.5
2023-09-22,WDO,M5,C1,short,2023-09-22 10:00:00,4918.0,2023-09-22 10:25:00,4928.0,stop,4928.0,4916.5,4920.0,4913.0,7.0,False,2,2023,-10.0,-0.0020333468889792597,-100.0,-10.5,-0.0021350142334282227,-105.0,-11.0,-0.0022366815778771857,-110.0,-12.0,-0.0024400162667751117,-120.0
2023-09-26,WDO,M5,C1,long,2023-09-26 09:25:00,4970.0,2023-09-26 09:25:00,4964.0,stop,4964.0,4977.25,4985.5,4969.0,16.5,False,2,2023,-6.0,-0.0012072434607645875,-60.0,-6.5,-0.0013078470824949698,-65.0,-7.0,-0.0014084507042253522,-70.0,-8.0,-0.0016096579476861167,-80.0
2023-09-27,WDO,M5,C1,short,2023-09-27 09:55:00,5008.5,2023-09-27 10:15:00,4997.75,tp,5018.0,4997.75,5008.5,4987.0,21.5,False,2,2023,10.75,0.0021463512029549765,107.5,10.25,0.0020465209144454426,102.5,9.75,0.001946690625935909,97.5,8.75,0.0017470300489168414,87.5
2023-09-28,WDO,M5,C1,short,2023-09-28 09:45:00,5038.5,2023-09-28 09:45:00,5046.5,stop,5046.5,5035.75,5041.5,5030.0,11.5,False,2,2023,-8.0,-0.001587774139128709,-80.0,-8.5,-0.0016870100228242532,-85.0,-9.0,-0.0017862459065197975,-90.0,-10.0,-0.0019847176739108863,-100.0
2023-09-29,WDO,M5,C1,long,2023-09-29 10:05:00,5027.0,2023-09-29 10:05:00,5030.0,tp,5014.0,5030.0,5038.5,5021.5,17.0,True,2,2023,3.0,0.0005967774020290431,30.0,2.5,0.0004973145016908693,25.0,2.0,0.00039785160135269546,20.0,1.0,0.00019892580067634773,10.0
2023-10-02,WDO,M5,C1,long,2023-10-02 09:55:00,5073.5,2023-10-02 10:00:00,5080.75,tp,5057.5,5080.75,5089.5,5072.0,17.5,False,2,2023,7.25,0.0014289937912683552,72.5,6.75,0.0013304424953188133,67.5,6.25,0.0012318911993692717,62.5,5.25,0.0010347886074701883,52.5
2023-10-03,WDO,M5,C1,long,2023-10-03 11:05:00,5115.0,2023-10-03 11:05:00,5107.75,tp,5090.0,5107.75,5118.5,5097.0,21.5,False,2,2023,-7.25,-0.0014173998044965787,-72.5,-7.75,-0.0015151515151515152,-77.5,-8.25,-0.0016129032258064516,-82.5,-9.25,-0.0018084066471163245,-92.5
2023-10-04,WDO,M5,C1,long,2023-10-04 10:05:00,5152.0,2023-10-04 10:10:00,5157.5,tp,5142.5,5157.5,5164.0,5151.0,13.0,False,2,2023,5.5,0.0010675465838509317,55.0,5.0,0.0009704968944099379,50.0,4.5,0.0008734472049689441,45.0,3.5,0.0006793478260869565,35.0
2023-10-05,WDO,M5,C1,short,2023-10-05 09:25:00,5193.5,2023-10-05 09:25:00,5186.75,tp,5198.5,5186.75,5194.0,5179.5,14.5,False,2,2023,6.75,0.0012997015500144412,67.5,6.25,0.0012034273611244825,62.5,5.75,0.001107153172234524,57.5,4.75,0.0009146047944546068,47.5
2023-10-09,WDO,M5,C1,long,2023-10-09 09:45:00,5182.0,2023-10-09 11:45:00,5189.75,tp,5168.5,5189.75,5199.5,5180.0,19.5,False,2,2023,7.75,0.0014955615592435352,77.5,7.25,0.0013990737167116944,72.5,6.75,0.0013025858741798533,67.5,5.75,0.0011096101891161713,57.5
2023-10-11,WDO,M5,C1,long,2023-10-11 10:05:00,5053.0,2023-10-11 10:10:00,5056.25,tp,5043.5,5056.25,5065.5,5047.0,18.5,False,2,2023,3.25,0.000643182267959628,32.5,2.75,0.0005442311498119928,27.5,2.25,0.0004452800316643578,22.5,1.25,0.00024737779536908766,12.5
2023-10-13,WDO,M5,C1,long,2023-10-13 11:30:00,5077.5,2023-10-13 11:50:00,5082.75,tp,5058.5,5082.75,5088.0,5077.5,10.5,False,2,2023,5.25,0.00103397341211226,52.5,4.75,0.0009354997538158543,47.5,4.25,0.0008370260955194485,42.5,3.25,0.0006400787789266371,32.5
2023-10-16,WDO,M5,C1,short,2023-10-16 09:40:00,5073.5,2023-10-16 09:50:00,5082.0,stop,5082.0,5070.25,5077.5,5063.0,14.5,False,2,2023,-8.5,-0.0016753720311422095,-85.0,-9.0,-0.0017739233270917512,-90.0,-9.5,-0.001872474623041293,-95.0,-10.5,-0.0020695772149403767,-105.0
2023-10-17,WDO,M5,C1,long,2023-10-17 09:35:00,5062.5,2023-10-17 09:35:00,5056.5,tp,5037.5,5056.5,5062.0,5051.0,11.0,False,2,2023,-6.0,-0.0011851851851851852,-60.0,-6.5,-0.0012839506172839506,-65.0,-7.0,-0.001382716049382716,-70.0,-8.0,-0.0015802469135802468,-80.0
2023-10-18,WDO,M5,C1,long,2023-10-18 09:50:00,5047.0,2023-10-18 10:30:00,5055.75,tp,5038.0,5055.75,5065.0,5046.5,18.5,False,2,2023,8.75,0.0017337031900138697,87.5,8.25,0.0016346344362987914,82.5,7.75,0.001535565682583713,77.5,6.75,0.0013374281751535565,67.5
2023-10-19,WDO,M5,C1,long,2023-10-19 10:05:00,5073.0,2023-10-19 12:05:00,5060.5,stop,5060.5,5082.75,5093.5,5072.0,21.5,False,2,2023,-12.5,-0.002464025231618372,-125.0,-13.0,-0.002562586240883107,-130.0,-13.5,-0.0026611472501478417,-135.0,-14.5,-0.0028582692686773114,-145.0
2023-10-20,WDO,M5,C1,short,2023-10-20 10:10:00,5074.0,2023-10-20 10:15:00,5069.0,tp,5107.0,5069.0,5076.0,5062.0,14.0,False,2,2023,5.0,0.0009854158454867955,50.0,4.5,0.0008868742609381159,45.0,4.0,0.0007883326763894363,40.0,3.0,0.0005912495072920772,30.0
2023-10-23,WDO,M5,C1,long,2023-10-23 09:25:00,5051.0,2023-10-23 09:25:00,5043.0,stop,5043.0,5054.75,5060.5,5049.0,11.5,False,2,2023,-8.0,-0.0015838447832112453,-80.0,-8.5,-0.0016828350821619482,-85.0,-9.0,-0.0017818253811126509,-90.0,-10.0,-0.0019798059790140567,-100.0
2023-10-24,WDO,M5,C1,long,2023-10-24 10:45:00,5013.5,2023-10-24 10:45:00,5023.75,tp,5010.5,5023.75,5035.5,5012.0,23.5,False,2,2023,10.25,0.002044479904258502,102.5,9.75,0.001944749177221502,97.5,9.25,0.0018450184501845018,92.5,8.25,0.0016455569961105017,82.5
2023-10-25,WDO,M5,C1,long,2023-10-25 09:40:00,4999.0,2023-10-25 09:40:00,5003.25,tp,4990.0,5003.25,5008.5,4998.0,10.5,False,2,2023,4.25,0.0008501700340068013,42.5,3.75,0.0007501500300060011,37.5,3.25,0.000650130026005201,32.5,2.25,0.0004500900180036007,22.5
2023-10-26,WDO,M5,C1,long,2023-10-26 09:40:00,5000.0,2023-10-26 09:50:00,4995.5,stop,4995.5,5006.75,5014.0,4999.5,14.5,False,2,2023,-4.5,-0.0009,-45.0,-5.0,-0.001,-50.0,-5.5,-0.0011,-55.0,-6.5,-0.0013,-65.0
2023-10-27,WDO,M5,C1,long,2023-10-27 09:30:00,4977.0,2023-10-27 09:30:00,4971.0,stop,4971.0,4984.5,4993.5,4975.5,18.0,False,2,2023,-6.0,-0.0012055455093429777,-60.0,-6.5,-0.0013060076351215592,-65.0,-7.0,-0.0014064697609001407,-70.0,-8.0,-0.0016073940124573037,-80.0
2023-10-31,WDO,M5,C1,short,2023-10-31 09:55:00,5047.5,2023-10-31 09:55:00,5062.5,stop,5062.5,5039.25,5047.5,5031.0,16.5,True,2,2023,-15.0,-0.0029717682020802376,-150.0,-15.5,-0.003070827142149579,-155.0,-16.0,-0.0031698860822189203,-160.0,-17.0,-0.003368003962357603,-170.0
2023-11-01,WDO,M5,C1,long,2023-11-01 09:30:00,5054.5,2023-11-01 09:30:00,5042.5,stop,5042.5,5057.0,5064.0,5050.0,14.0,False,2,2023,-12.0,-0.0023741220694430704,-120.0,-12.5,-0.0024730438223365316,-125.0,-13.0,-0.0025719655752299933,-130.0,-14.0,-0.0027698090810169156,-140.0
2023-11-06,WDO,M5,C1,short,2023-11-06 09:55:00,4912.5,2023-11-06 10:00:00,4916.5,stop,4916.5,4909.0,4914.0,4904.0,10.0,False,2,2023,-4.0,-0.0008142493638676844,-40.0,-4.5,-0.000916030534351145,-45.0,-5.0,-0.0010178117048346056,-50.0,-6.0,-0.0012213740458015267,-60.0
2023-11-08,WDO,M5,C1,long,2023-11-08 10:15:00,4899.5,2023-11-08 10:40:00,4905.75,tp,4893.0,4905.75,4914.0,4897.5,16.5,False,2,2023,6.25,0.0012756403714664763,62.5,5.75,0.001173589141749158,57.5,5.25,0.00107153791203184,52.5,4.25,0.0008674354525972038,42.5
2023-11-09,WDO,M5,C1,long,2023-11-09 10:15:00,4919.0,2023-11-09 10:15:00,4920.5,tp,4907.5,4920.5,4927.5,4913.5,14.0,False,2,2023,1.5,0.00030494002846106935,15.0,1.0,0.00020329335230737954,10.0,0.5,0.00010164667615368977,5.0,-0.5,-0.00010164667615368977,-5.0
2023-11-10,WDO,M5,C1,long,2023-11-10 09:40:00,4944.0,2023-11-10 09:40:00,4940.5,stop,4940.5,4955.0,4966.0,4944.0,22.0,False,2,2023,-3.5,-0.0007079288025889968,-35.0,-4.0,-0.0008090614886731392,-40.0,-4.5,-0.0009101941747572816,-45.0,-5.5,-0.0011124595469255664,-55.0
2023-11-16,WDO,M5,C1,long,2023-11-16 11:05:00,4859.5,2023-11-16 11:05:00,4863.5,tp,4845.0,4863.5,4873.0,4854.0,19.0,False,2,2023,4.0,0.0008231299516411153,40.0,3.5,0.0007202387076859759,35.0,3.0,0.0006173474637308365,30.0,2.0,0.00041156497582055766,20.0
2023-11-17,WDO,M5,C1,short,2023-11-17 09:40:00,4866.5,2023-11-17 10:10:00,4883.5,stop,4883.5,4863.25,4868.5,4858.0,10.5,False,2,2023,-17.0,-0.003493270317476626,-170.0,-17.5,-0.0035960135621082912,-175.0,-18.0,-0.003698756806739957,-180.0,-19.0,-0.003904243296003288,-190.0
2023-11-23,WDO,M5,C1,long,2023-11-23 09:45:00,4894.5,2023-11-23 10:30:00,4902.25,tp,4890.5,4902.25,4910.0,4894.5,15.5,False,2,2023,7.75,0.0015834099499438144,77.5,7.25,0.001481254469302278,72.5,6.75,0.0013790989886607416,67.5,5.75,0.0011747880273776689,57.5
2023-11-24,WDO,M5,C1,long,2023-11-24 10:30:00,4899.0,2023-11-24 10:35:00,4902.25,tp,4885.0,4902.25,4907.5,4897.0,10.5,False,2,2023,3.25,0.0006634006940191876,32.5,2.75,0.0005613390487854664,27.5,2.25,0.00045927740355174526,22.5,1.25,0.00025515411308430294,12.5
2023-11-28,WDO,M5,C1,long,2023-11-28 10:00:00,4894.5,2023-11-28 10:45:00,4898.5,tp,4882.5,4898.5,4903.5,4893.5,10.0,False,2,2023,4.0,0.0008172438451322913,40.0,3.5,0.000715088364490755,35.0,3.0,0.0006129328838492185,30.0,2.0,0.0004086219225661457,20.0
2023-11-30,WDO,M5,C1,short,2023-11-30 10:20:00,4950.5,2023-11-30 10:30:00,4939.75,tp,4959.5,4939.75,4951.0,4928.5,22.5,True,2,2023,10.75,0.0021714978285021715,107.5,10.25,0.0020704979295020705,102.5,9.75,0.0019694980305019695,97.5,8.75,0.0017674982325017676,87.5
2023-12-01,WDO,M5,C1,short,2023-12-01 10:25:00,4933.0,2023-12-01 10:40:00,4939.0,stop,4939.0,4925.25,4933.5,4917.0,16.5,False,2,2023,-6.0,-0.001216298398540442,-60.0,-6.5,-0.001317656598418812,-65.0,-7.0,-0.0014190147982971822,-70.0,-8.0,-0.0016217311980539226,-80.0
2023-12-04,WDO,M5,C1,long,2023-12-04 09:35:00,4904.0,2023-12-04 09:40:00,4909.5,tp,4902.5,4909.5,4915.0,4904.0,11.0,False,2,2023,5.5,0.0011215334420880913,55.0,5.0,0.0010195758564437193,50.0,4.5,0.0009176182707993475,45.0,3.5,0.0007137030995106036,35.0
2023-12-05,WDO,M5,C1,short,2023-12-05 09:50:00,4963.5,2023-12-05 09:50:00,4961.0,tp,4979.0,4961.0,4968.0,4954.0,14.0,False,2,2023,2.5,0.0005036768409388536,25.0,2.0,0.0004029414727510829,20.0,1.5,0.0003022061045633122,15.0,0.5,0.00010073536818777072,5.0
2023-12-06,WDO,M5,C1,long,2023-12-06 09:40:00,4929.5,2023-12-06 09:40:00,4928.5,tp,4922.5,4928.5,4932.0,4925.0,7.0,False,2,2023,-1.0,-0.00020286033066233897,-10.0,-1.5,-0.00030429049599350845,-15.0,-2.0,-0.00040572066132467795,-20.0,-3.0,-0.0006085809919870169,-30.0
2023-12-07,WDO,M5,C1,short,2023-12-07 09:25:00,4918.0,2023-12-07 09:25:00,4920.0,stop,4920.0,4911.5,4919.0,4904.0,15.0,False,2,2023,-2.0,-0.00040666937779585197,-20.0,-2.5,-0.0005083367222448149,-25.0,-3.0,-0.0006100040666937779,-30.0,-4.0,-0.0008133387555917039,-40.0
2023-12-08,WDO,M5,C1,short,2023-12-08 10:30:00,4914.5,2023-12-08 10:30:00,4927.0,stop,4927.0,4912.0,4918.5,4905.5,13.0,False,2,2023,-12.5,-0.002543493743005392,-125.0,-13.0,-0.002645233492725608,-130.0,-13.5,-0.0027469732424458236,-135.0,-14.5,-0.002950452741886255,-145.0
2023-12-11,WDO,M5,C1,short,2023-12-11 09:55:00,4951.5,2023-12-11 10:10:00,4944.25,tp,4959.5,4944.25,4952.0,4936.5,15.5,False,2,2023,7.25,0.0014642027668383317,72.5,6.75,0.0013632232656770676,67.5,6.25,0.0012622437645158032,62.5,5.25,0.0010602847621932747,52.5
2023-12-12,WDO,M5,C1,long,2023-12-12 09:30:00,4932.5,2023-12-12 09:30:00,4930.0,stop,4930.0,4935.0,4938.0,4932.0,6.0,False,2,2023,-2.5,-0.0005068423720223011,-25.0,-3.0,-0.0006082108464267612,-30.0,-3.5,-0.0007095793208312215,-35.0,-4.5,-0.000912316269640142,-45.0
2023-12-13,WDO,M5,C1,long,2023-12-13 09:30:00,4953.0,2023-12-13 09:30:00,4951.5,stop,4951.5,4964.0,4975.5,4952.5,23.0,False,2,2023,-1.5,-0.0003028467595396729,-15.0,-2.0,-0.0004037956793862306,-20.0,-2.5,-0.0005047445992327882,-25.0,-3.5,-0.0007066424389259035,-35.0
2023-12-15,WDO,M5,C1,short,2023-12-15 09:30:00,4927.0,2023-12-15 09:30:00,4931.0,stop,4931.0,4917.5,4928.5,4906.5,22.0,False,2,2023,-4.0,-0.0008118530545971179,-40.0,-4.5,-0.0009133346864217577,-45.0,-5.0,-0.0010148163182463973,-50.0,-6.0,-0.0012177795818956768,-60.0
2023-12-18,WDO,M5,C1,short,2023-12-18 09:35:00,4944.5,2023-12-18 09:35:00,4942.75,tp,4950.5,4942.75,4948.0,4937.5,10.5,False,2,2023,1.75,0.00035392860754373547,17.5,1.25,0.00025280614824552534,12.5,0.75,0.0001516836889473152,7.5,-0.25,-5.056122964910506e-05,-2.5
2023-12-19,WDO,M5,C1,long,2023-12-19 09:35:00,4880.0,2023-12-19 09:50:00,4871.5,stop,4871.5,4888.0,4896.0,4880.0,16.0,False,2,2023,-8.5,-0.0017418032786885246,-85.0,-9.0,-0.0018442622950819673,-90.0,-9.5,-0.00194672131147541,-95.0,-10.5,-0.002151639344262295,-105.0
2023-12-20,WDO,M5,C1,long,2023-12-20 09:40:00,4862.0,2023-12-20 09:45:00,4867.0,tp,4855.0,4867.0,4872.0,4862.0,10.0,False,2,2023,5.0,0.0010283833813245578,50.0,4.5,0.000925545043192102,45.0,4.0,0.0008227067050596463,40.0,3.0,0.0006170300287947347,30.0
2023-12-21,WDO,M5,C1,long,2023-12-21 09:50:00,4889.0,2023-12-21 09:50:00,4885.5,stop,4885.5,4892.5,4897.5,4887.5,10.0,False,2,2023,-3.5,-0.0007158928206177132,-35.0,-4.0,-0.0008181632235631009,-40.0,-4.5,-0.0009204336265084884,-45.0,-5.5,-0.0011249744323992637,-55.0
2023-12-22,WDO,M5,C1,short,2023-12-22 09:35:00,4872.5,2023-12-22 09:35:00,4871.25,tp,4879.0,4871.25,4876.0,4866.5,9.5,False,2,2023,1.25,0.0002565418163160595,12.5,0.75,0.0001539250897896357,7.5,0.25,5.13083632632119e-05,2.5,-0.75,-0.0001539250897896357,-7.5
2023-12-26,WDO,M5,C1,short,2023-12-26 10:05:00,4844.5,2023-12-26 10:05:00,4848.5,tp,4858.0,4848.5,4852.5,4844.5,8.0,False,2,2023,-4.0,-0.0008256786046031583,-40.0,-4.5,-0.000928888430178553,-45.0,-5.0,-0.0010320982557539477,-50.0,-6.0,-0.0012385179069047372,-60.0
2023-12-28,WDO,M5,C1,short,2023-12-28 11:15:00,4863.0,2023-12-28 11:35:00,4849.25,tp,4870.0,4849.25,4863.0,4835.5,27.5,True,2,2023,13.75,0.002827472753444376,137.5,13.25,0.002724655562410035,132.5,12.75,0.002621838371375694,127.5,11.75,0.002416203989307012,117.5
2024-01-02,WDO,M5,C1,short,2024-01-02 09:50:00,4890.0,2024-01-02 09:50:00,4892.5,stop,4892.5,4878.0,4890.0,4866.0,24.0,False,2,2024,-2.5,-0.0005112474437627812,-25.0,-3.0,-0.0006134969325153375,-30.0,-3.5,-0.0007157464212678937,-35.0,-4.5,-0.0009202453987730061,-45.0
2024-01-03,WDO,M5,C1,long,2024-01-03 09:40:00,4945.5,2024-01-03 10:00:00,4951.25,tp,4936.0,4951.25,4957.5,4945.0,12.5,False,2,2024,5.75,0.0011626731371954303,57.5,5.25,0.0010615711252653928,52.5,4.75,0.0009604691133353554,47.5,3.75,0.0007582650894752805,37.5
2024-01-04,WDO,M5,C1,short,2024-01-04 09:45:00,4930.0,2024-01-04 09:45:00,4930.5,tp,4937.5,4930.5,4933.5,4927.5,6.0,False,2,2024,-0.5,-0.00010141987829614604,-5.0,-1.0,-0.00020283975659229209,-10.0,-1.5,-0.00030425963488843813,-15.0,-2.5,-0.0005070993914807302,-25.0
2024-01-05,WDO,M5,C1,short,2024-01-05 10:45:00,4924.0,2024-01-05 10:45:00,4923.5,tp,4958.5,4923.5,4928.0,4919.0,9.0,False,2,2024,0.5,0.00010154346060113728,5.0,0.0,0.0,0.0,-0.5,-0.00010154346060113728,-5.0,-1.5,-0.0003046303818034119,-15.0
2024-01-08,WDO,M5,C1,short,2024-01-08 09:50:00,4904.0,2024-01-08 11:20:00,4898.5,tp,4917.0,4898.5,4906.0,4891.0,15.0,False,2,2024,5.5,0.0011215334420880913,55.0,5.0,0.0010195758564437193,50.0,4.5,0.0009176182707993475,45.0,3.5,0.0007137030995106036,35.0
2024-01-09,WDO,M5,C1,short,2024-01-09 10:00:00,4897.5,2024-01-09 10:00:00,4902.5,stop,4902.5,4896.0,4899.5,4892.5,7.0,False,2,2024,-5.0,-0.0010209290454313426,-50.0,-5.5,-0.0011230219499744768,-55.0,-6.0,-0.001225114854517611,-60.0,-7.0,-0.0014293006636038796,-70.0
2024-01-10,WDO,M5,C1,long,2024-01-10 09:50:00,4911.0,2024-01-10 09:50:00,4903.5,stop,4903.5,4914.0,4917.0,4911.0,6.0,False,2,2024,-7.5,-0.0015271838729383018,-75.0,-8.0,-0.0016289961311341885,-80.0,-8.5,-0.0017308083893300753,-85.0,-9.5,-0.001934432905721849,-95.0
2024-01-11,WDO,M5,C1,long,2024-01-11 10:30:00,4894.0,2024-01-11 10:30:00,4888.0,stop,4888.0,4900.75,4907.5,4894.0,13.5,False,2,2024,-6.0,-0.0012259910093992644,-60.0,-6.5,-0.0013281569268492031,-65.0,-7.0,-0.0014303228442991418,-70.0,-8.0,-0.0016346546791990192,-80.0
2024-01-16,WDO,M5,C1,short,2024-01-16 09:35:00,4906.0,2024-01-16 09:40:00,4904.25,tp,4914.5,4904.25,4908.0,4900.5,7.5,False,2,2024,1.75,0.00035670607419486345,17.5,1.25,0.00025479005299633103,12.5,0.75,0.0001528740317977986,7.5,-0.25,-5.0958010599266205e-05,-2.5
2024-01-17,WDO,M5,C1,long,2024-01-17 09:45:00,4943.5,2024-01-17 10:35:00,4953.5,tp,4933.5,4953.5,4963.5,4943.5,20.0,False,2,2024,10.0,0.0020228582987761707,100.0,9.5,0.0019217153838373621,95.0,9.0,0.0018205724688985536,90.0,8.0,0.0016182866390209367,80.0
2024-01-19,WDO,M5,C1,long,2024-01-19 10:30:00,4918.5,2024-01-19 10:35:00,4920.75,tp,4910.0,4920.75,4926.0,4915.5,10.5,False,2,2024,2.25,0.0004574565416285453,22.5,1.75,0.00035579953237775745,17.5,1.25,0.0002541425231269696,12.5,0.25,5.082850462539392e-05,2.5
2024-01-22,WDO,M5,C1,short,2024-01-22 09:25:00,4949.5,2024-01-22 09:55:00,4939.75,tp,4955.0,4939.75,4950.0,4929.5,20.5,False,2,2024,9.75,0.0019698959490857663,97.5,9.25,0.001868875644004445,92.5,8.75,0.0017678553389231235,87.5,7.75,0.0015658147287604808,77.5
2024-01-24,WDO,M5,C1,long,2024-01-24 10:25:00,4921.0,2024-01-24 11:45:00,4928.5,tp,4912.5,4928.5,4937.0,4920.0,17.0,False,2,2024,7.5,0.0015240804714488924,75.0,7.0,0.001422475106685633,70.0,6.5,0.0013208697419223735,65.0,5.5,0.0011176590123958545,55.0
2024-01-25,WDO,M5,C1,long,2024-01-25 09:50:00,4932.5,2024-01-25 09:50:00,4934.0,tp,4930.0,4934.0,4936.5,4931.5,5.0,False,2,2024,1.5,0.0003041054232133806,15.0,1.0,0.00020273694880892042,10.0,0.5,0.00010136847440446021,5.0,-0.5,-0.00010136847440446021,-5.0
2024-01-26,WDO,M5,C1,short,2024-01-26 09:25:00,4917.0,2024-01-26 10:00:00,4913.0,tp,4922.5,4913.0,4920.0,4906.0,14.0,False,2,2024,4.0,0.0008135041692088672,40.0,3.5,0.0007118161480577588,35.0,3.0,0.0006101281269066504,30.0,2.0,0.0004067520846044336,20.0
2024-01-29,WDO,M5,C1,short,2024-01-29 09:45:00,4919.0,2024-01-29 09:45:00,4919.5,tp,4925.0,4919.5,4921.5,4917.5,4.0,False,2,2024,-0.5,-0.00010164667615368977,-5.0,-1.0,-0.00020329335230737954,-10.0,-1.5,-0.00030494002846106935,-15.0,-2.5,-0.0005082333807684489,-25.0
2024-01-30,WDO,M5,C1,long,2024-01-30 09:40:00,4942.0,2024-01-30 09:40:00,4944.25,tp,4935.5,4944.25,4947.5,4941.0,6.5,False,2,2024,2.25,0.00045528126264670173,22.5,1.75,0.0003541076487252125,17.5,1.25,0.0002529340348037232,12.5,0.25,5.058680696074464e-05,2.5
2024-01-31,WDO,M5,C1,short,2024-01-31 10:20:00,4967.0,2024-01-31 10:20:00,4966.5,tp,4979.0,4966.5,4975.5,4957.5,18.0,True,2,2024,0.5,0.00010066438494060802,5.0,0.0,0.0,0.0,-0.5,-0.00010066438494060802,-5.0,-1.5,-0.00030199315482182406,-15.0
2024-02-05,WDO,M5,C1,short,2024-02-05 09:40:00,4989.0,2024-02-05 09:45:00,4996.5,stop,4996.5,4985.75,4991.0,4980.5,10.5,False,2,2024,-7.5,-0.001503307276007216,-75.0,-8.0,-0.0016035277610743637,-80.0,-8.5,-0.0017037482461415114,-85.0,-9.5,-0.0019041892162758069,-95.0
2024-02-06,WDO,M5,C1,short,2024-02-06 09:35:00,4986.0,2024-02-06 09:35:00,4988.0,stop,4988.0,4984.25,4987.0,4981.5,5.5,False,2,2024,-2.0,-0.00040112314480545525,-20.0,-2.5,-0.0005014039310068191,-25.0,-3.0,-0.0006016847172081829,-30.0,-4.0,-0.0008022462896109105,-40.0
2024-02-07,WDO,M5,C1,long,2024-02-07 09:50:00,4970.5,2024-02-07 09:50:00,4972.25,tp,4966.0,4972.25,4977.0,4967.5,9.5,False,2,2024,1.75,0.0003520772558092747,17.5,1.25,0.00025148375414948195,12.5,0.75,0.00015089025248968916,7.5,-0.25,-5.0296750829896386e-05,-2.5
2024-02-15,WDO,M5,C1,short,2024-02-15 10:35:00,4971.0,2024-02-15 10:35:00,4968.5,tp,4980.0,4968.5,4972.0,4965.0,7.0,False,2,2024,2.5,0.0005029169181251257,25.0,2.0,0.0004023335345001006,20.0,1.5,0.00030175015087507544,15.0,0.5,0.00010058338362502515,5.0
2024-02-16,WDO,M5,C1,short,2024-02-16 09:55:00,4977.0,2024-02-16 10:00:00,4980.5,stop,4980.5,4975.25,4977.5,4973.0,4.5,False,2,2024,-3.5,-0.0007032348804500703,-35.0,-4.0,-0.0008036970062286518,-40.0,-4.5,-0.0009041591320072332,-45.0,-5.5,-0.0011050833835643962,-55.0
2024-02-19,WDO,M5,C1,long,2024-02-19 09:50:00,4964.5,2024-02-19 10:55:00,4961.5,stop,4961.5,4970.5,4977.0,4964.0,13.0,False,2,2024,-3.0,-0.0006042904622822037,-30.0,-3.5,-0.0007050055393292376,-35.0,-4.0,-0.0008057206163762715,-40.0,-5.0,-0.0010071507704703395,-50.0
2024-02-21,WDO,M5,C1,long,2024-02-21 09:45:00,4931.0,2024-02-21 09:45:00,4934.0,tp,4926.0,4934.0,4937.0,4931.0,6.0,False,2,2024,3.0,0.0006083958629081322,30.0,2.5,0.0005069965524234435,25.0,2.0,0.00040559724193875484,20.0,1.0,0.00020279862096937742,10.0
2024-02-23,WDO,M5,C1,short,2024-02-23 09:35:00,4966.0,2024-02-23 09:35:00,4964.5,tp,4972.5,4964.5,4968.0,4961.0,7.0,False,2,2024,1.5,0.00030205396697543293,15.0,1.0,0.0002013693113169553,10.0,0.5,0.00010068465565847765,5.0,-0.5,-0.00010068465565847765,-5.0
2024-02-26,WDO,M5,C1,long,2024-02-26 09:55:00,4985.5,2024-02-26 09:55:00,4987.0,tp,4980.0,4987.0,4990.0,4984.0,6.0,False,2,2024,1.5,0.0003008725303379801,15.0,1.0,0.00020058168689198675,10.0,0.5,0.00010029084344599338,5.0,-0.5,-0.00010029084344599338,-5.0
2024-02-28,WDO,M5,C1,short,2024-02-28 10:15:00,4946.5,2024-02-28 10:20:00,4944.75,tp,4954.0,4944.75,4948.0,4941.5,6.5,False,2,2024,1.75,0.0003537855049024563,17.5,1.25,0.0002527039320731831,12.5,0.75,0.00015162235924390984,7.5,-0.25,-5.054078641463661e-05,-2.5
2024-02-29,WDO,M5,C1,short,2024-02-29 10:50:00,4999.0,2024-02-29 11:55:00,4986.0,tp,5013.0,4986.0,5000.5,4971.5,29.0,True,2,2024,13.0,0.002600520104020804,130.0,12.5,0.002500500100020004,125.0,12.0,0.002400480096019204,120.0,11.0,0.0022004400880176033,110.0
2024-03-01,WDO,M5,C1,short,2024-03-01 09:50:00,4974.0,2024-03-01 09:50:00,4976.5,stop,4976.5,4972.25,4975.5,4969.0,6.5,False,2,2024,-2.5,-0.0005026135906714917,-25.0,-3.0,-0.0006031363088057901,-30.0,-3.5,-0.0007036590269400884,-35.0,-4.5,-0.0009047044632086852,-45.0
2024-03-05,WDO,M5,C1,short,2024-03-05 10:00:00,4963.5,2024-03-05 10:00:00,4961.75,tp,4970.5,4961.75,4964.5,4959.0,5.5,False,2,2024,1.75,0.00035257378865719756,17.5,1.25,0.0002518384204694268,12.5,0.75,0.0001511030522816561,7.5,-0.25,-5.036768409388536e-05,-2.5
2024-03-06,WDO,M5,C1,long,2024-03-06 09:45:00,4950.5,2024-03-06 09:45:00,4952.75,tp,4946.5,4952.75,4956.0,4949.5,6.5,False,2,2024,2.25,0.0004544995455004545,22.5,1.75,0.0003534996465003535,17.5,1.25,0.0002524997475002525,12.5,0.25,5.04999495000505e-05,2.5
2024-03-07,WDO,M5,C1,short,2024-03-07 09:45:00,4949.5,2024-03-07 09:45:00,4948.0,tp,4953.0,4948.0,4950.0,4946.0,4.0,False,2,2024,1.5,0.000303060915243964,15.0,1.0,0.0002020406101626427,10.0,0.5,0.00010102030508132135,5.0,-0.5,-0.00010102030508132135,-5.0
2024-03-11,WDO,M5,C1,short,2024-03-11 10:10:00,4999.0,2024-03-11 10:25:00,4993.5,tp,5007.0,4993.5,5000.0,4987.0,13.0,False,2,2024,5.5,0.0011002200440088017,55.0,5.0,0.0010002000400080016,50.0,4.5,0.0009001800360072014,45.0,3.5,0.0007001400280056011,35.0
2024-03-12,WDO,M5,C1,long,2024-03-12 09:55:00,4977.5,2024-03-12 09:55:00,4980.0,tp,4963.5,4980.0,4984.5,4975.5,9.0,False,2,2024,2.5,0.0005022601707684581,25.0,2.0,0.00040180813661476645,20.0,1.5,0.00030135610246107485,15.0,0.5,0.00010045203415369161,5.0
2024-03-15,WDO,M5,C1,short,2024-03-15 09:55:00,4996.0,2024-03-15 09:55:00,4998.0,stop,4998.0,4991.0,4996.0,4986.0,10.0,False,2,2024,-2.0,-0.00040032025620496394,-20.0,-2.5,-0.0005004003202562049,-25.0,-3.0,-0.0006004803843074459,-30.0,-4.0,-0.0008006405124099279,-40.0
2024-03-18,WDO,M5,C1,short,2024-03-18 10:20:00,4991.5,2024-03-18 10:35:00,4997.5,stop,4997.5,4990.25,4994.0,4986.5,7.5,False,2,2024,-6.0,-0.0012020434739056396,-60.0,-6.5,-0.0013022137633977762,-65.0,-7.0,-0.001402384052889913,-70.0,-8.0,-0.001602724631874186,-80.0
2024-03-19,WDO,M5,C1,short,2024-03-19 09:30:00,5051.5,2024-03-19 09:30:00,5048.5,tp,5057.0,5048.5,5052.5,5044.5,8.0,False,2,2024,3.0,0.0005938830050480055,30.0,2.5,0.0004949025042066713,25.0,2.0,0.00039592200336533703,20.0,1.0,0.00019796100168266851,10.0
2024-03-20,WDO,M5,C1,long,2024-03-20 09:40:00,5026.5,2024-03-20 09:50:00,5017.0,stop,5017.0,5029.25,5035.0,5023.5,11.5,False,2,2024,-9.5,-0.0018899830896249876,-95.0,-10.0,-0.0019894558838157764,-100.0,-10.5,-0.0020889286780065653,-105.0,-11.5,-0.002287874266388143,-115.0
2024-03-21,WDO,M5,C1,short,2024-03-21 09:30:00,4967.0,2024-03-21 09:35:00,4973.0,stop,4973.0,4962.0,4968.5,4955.5,13.0,False,2,2024,-6.0,-0.0012079726192872962,-60.0,-6.5,-0.0013086370042279041,-65.0,-7.0,-0.0014093013891685123,-70.0,-8.0,-0.0016106301590497283,-80.0
2024-03-22,WDO,M5,C1,long,2024-03-22 10:30:00,4995.5,2024-03-22 10:35:00,4993.5,stop,4993.5,5002.25,5009.5,4995.0,14.5,False,2,2024,-2.0,-0.0004003603242918627,-20.0,-2.5,-0.0005004504053648283,-25.0,-3.0,-0.000600540486437794,-30.0,-4.0,-0.0008007206485837253,-40.0
2024-03-25,WDO,M5,C1,short,2024-03-25 10:05:00,4993.5,2024-03-25 10:05:00,4991.75,tp,5005.5,4991.75,4997.0,4986.5,10.5,False,2,2024,1.75,0.0003504555922699509,17.5,1.25,0.00025032542304996493,12.5,0.75,0.00015019525382997898,7.5,-0.25,-5.006508460999299e-05,-2.5
2024-03-26,WDO,M5,C1,short,2024-03-26 09:30:00,4968.5,2024-03-26 09:30:00,4975.5,stop,4975.5,4967.75,4972.5,4963.0,9.5,False,2,2024,-7.0,-0.0014088759182851968,-70.0,-7.5,-0.001509509912448425,-75.0,-8.0,-0.0016101439066116534,-80.0,-9.0,-0.0018114118949381101,-90.0
2024-03-27,WDO,M5,C1,short,2024-03-27 09:25:00,4984.0,2024-03-27 09:25:00,4986.5,stop,4986.5,4977.75,4984.5,4971.0,13.5,False,2,2024,-2.5,-0.0005016051364365971,-25.0,-3.0,-0.0006019261637239165,-30.0,-3.5,-0.0007022471910112359,-35.0,-4.5,-0.0009028892455858748,-45.0
2024-03-28,WDO,M5,C1,short,2024-03-28 10:40:00,5011.5,2024-03-28 10:40:00,5010.0,tp,5022.5,5010.0,5013.0,5007.0,6.0,True,2,2024,1.5,0.000299311583358276,15.0,1.0,0.00019954105557218397,10.0,0.5,9.977052778609199e-05,5.0,-0.5,-9.977052778609199e-05,-5.0
2024-04-02,WDO,M5,C1,short,2024-04-02 11:05:00,5052.0,2024-04-02 11:45:00,5068.0,stop,5068.0,5049.0,5053.5,5044.5,9.0,False,2,2024,-16.0,-0.003167062549485352,-160.0,-16.5,-0.0032660332541567696,-165.0,-17.0,-0.0033650039588281866,-170.0,-18.0,-0.0035629453681710215,-180.0
2024-04-03,WDO,M5,C1,short,2024-04-03 11:15:00,5095.5,2024-04-03 11:40:00,5089.75,tp,5105.0,5089.75,5097.0,5082.5,14.5,False,2,2024,5.75,0.0011284466686291826,57.5,5.25,0.0010303208713570797,52.5,4.75,0.0009321950740849769,47.5,3.75,0.0007359434795407713,37.5
2024-04-04,WDO,M5,C1,long,2024-04-04 09:35:00,5053.5,2024-04-04 09:40:00,5057.0,tp,5046.5,5057.0,5062.5,5051.5,11.0,False,2,2024,3.5,0.0006925892945483328,35.0,3.0,0.0005936479667557139,30.0,2.5,0.0004947066389630949,25.0,1.5,0.00029682398337785694,15.0
2024-04-05,WDO,M5,C1,long,2024-04-05 09:35:00,5059.5,2024-04-05 09:35:00,5058.25,tp,5041.0,5058.25,5065.0,5051.5,13.5,False,2,2024,-1.25,-0.0002470599861646408,-12.5,-1.75,-0.00034588398063049706,-17.5,-2.25,-0.0004447079750963534,-22.5,-3.25,-0.000642355964028066,-32.5
2024-04-09,WDO,M5,C1,long,2024-04-09 10:25:00,5021.0,2024-04-09 10:30:00,5015.5,stop,5015.5,5029.0,5037.5,5020.5,17.0,False,2,2024,-5.5,-0.001095399322844055,-55.0,-6.0,-0.0011949810794662419,-60.0,-6.5,-0.0012945628360884285,-65.0,-7.5,-0.0014937263493328022,-75.0
2024-04-11,WDO,M5,C1,short,2024-04-11 09:45:00,5085.0,2024-04-11 09:45:00,5086.5,tp,5099.5,5086.5,5090.0,5083.0,7.0,False,2,2024,-1.5,-0.0002949852507374631,-15.0,-2.0,-0.00039331366764995085,-20.0,-2.5,-0.0004916420845624386,-25.0,-3.5,-0.0006882989183874139,-35.0
2024-04-18,WDO,M5,C1,short,2024-04-18 09:30:00,5255.0,2024-04-18 09:30:00,5258.5,stop,5258.5,5245.75,5257.0,5234.5,22.5,False,2,2024,-3.5,-0.0006660323501427212,-35.0,-4.0,-0.0007611798287345385,-40.0,-4.5,-0.0008563273073263558,-45.0,-5.5,-0.0010466222645099904,-55.0
2024-04-22,WDO,M5,C1,long,2024-04-22 09:35:00,5202.5,2024-04-22 09:45:00,5210.5,tp,5199.0,5210.5,5219.0,5202.0,17.0,False,2,2024,8.0,0.001537722248918789,80.0,7.5,0.0014416146083613647,75.0,7.0,0.0013455069678039405,70.0,6.0,0.0011532916866890917,60.0
2024-04-23,WDO,M5,C1,short,2024-04-23 09:25:00,5183.0,2024-04-23 09:25:00,5178.25,tp,5188.5,5178.25,5185.5,5171.0,14.5,False,2,2024,4.75,0.0009164576500096469,47.5,4.25,0.000819988423692842,42.5,3.75,0.000723519197376037,37.5,2.75,0.0005305807447424271,27.5
2024-04-24,WDO,M5,C1,short,2024-04-24 09:40:00,5144.5,2024-04-24 09:40:00,5152.0,stop,5152.0,5135.5,5145.0,5126.0,19.0,False,2,2024,-7.5,-0.0014578676256195937,-75.0,-8.0,-0.0015550588006609,-80.0,-8.5,-0.0016522499757022063,-85.0,-9.5,-0.0018466323257848188,-95.0
2024-04-25,WDO,M5,C1,long,2024-04-25 09:35:00,5147.0,2024-04-25 09:35:00,5144.75,tp,5111.0,5144.75,5155.5,5134.0,21.5,False,2,2024,-2.25,-0.00043714785311832136,-22.5,-2.75,-0.0005342918204779483,-27.5,-3.25,-0.0006314357878375753,-32.5,-4.25,-0.0008257237225568293,-42.5
2024-04-29,WDO,M5,C1,short,2024-04-29 10:05:00,5106.5,2024-04-29 10:05:00,5108.0,tp,5120.5,5108.0,5112.5,5103.5,9.0,False,2,2024,-1.5,-0.0002937432683834329,-15.0,-2.0,-0.0003916576911779105,-20.0,-2.5,-0.0004895721139723881,-25.0,-3.5,-0.0006854009595613434,-35.0
2024-05-06,WDO,M5,C1,short,2024-05-06 10:45:00,5090.0,2024-05-06 11:10:00,5082.25,tp,5103.5,5082.25,5090.0,5074.5,15.5,False,3,2024,7.75,0.0015225933202357564,77.5,7.25,0.0014243614931237721,72.5,6.75,0.0013261296660117877,67.5,5.75,0.0011296660117878193,57.5
2024-05-07,WDO,M5,C1,short,2024-05-07 09:35:00,5091.0,2024-05-07 09:35:00,5086.75,tp,5095.0,5086.75,5091.5,5082.0,9.5,False,3,2024,4.25,0.0008348065213121195,42.5,3.75,0.0007365939893930466,37.5,3.25,0.0006383814574739737,32.5,2.25,0.00044195639363582795,22.5
2024-05-08,WDO,M5,C1,short,2024-05-08 10:45:00,5103.5,2024-05-08 11:00:00,5094.75,tp,5118.0,5094.75,5103.5,5086.0,17.5,False,3,2024,8.75,0.0017145096502400314,87.5,8.25,0.0016165376702263153,82.5,7.75,0.0015185656902125992,77.5,6.75,0.001322621730185167,67.5
2024-05-09,WDO,M5,C1,short,2024-05-09 09:25:00,5159.5,2024-05-09 09:25:00,5155.5,tp,5172.5,5155.5,5164.5,5146.5,18.0,False,3,2024,4.0,0.0007752689214071131,40.0,3.5,0.000678360306231224,35.0,3.0,0.0005814516910553348,30.0,2.0,0.00038763446070355656,20.0
2024-05-10,WDO,M5,C1,long,2024-05-10 09:40:00,5143.5,2024-05-10 09:40:00,5142.5,tp,5127.5,5142.5,5150.0,5135.0,15.0,False,3,2024,-1.0,-0.0001944201419267036,-10.0,-1.5,-0.00029163021289005544,-15.0,-2.0,-0.0003888402838534072,-20.0,-3.0,-0.0005832604257801109,-30.0
2024-05-13,WDO,M5,C1,long,2024-05-13 09:55:00,5144.5,2024-05-13 09:55:00,5140.0,stop,5140.0,5149.5,5155.5,5143.5,12.0,False,3,2024,-4.5,-0.0008747205753717563,-45.0,-5.0,-0.0009719117504130625,-50.0,-5.5,-0.0010691029254543687,-55.0,-6.5,-0.0012634852755369812,-65.0
2024-05-14,WDO,M5,C1,long,2024-05-14 10:00:00,5144.5,2024-05-14 10:00:00,5148.0,tp,5131.5,5148.0,5157.0,5139.0,18.0,False,3,2024,3.5,0.0006803382252891437,35.0,3.0,0.0005831470502478375,30.0,2.5,0.00048595587520653126,25.0,1.5,0.00029157352512391874,15.0
2024-05-15,WDO,M5,C1,long,2024-05-15 09:50:00,5158.0,2024-05-15 09:55:00,5148.5,stop,5148.5,5164.0,5173.0,5155.0,18.0,False,3,2024,-9.5,-0.0018417991469561845,-95.0,-10.0,-0.0019387359441644049,-100.0,-10.5,-0.002035672741372625,-105.0,-11.5,-0.0022295463357890656,-115.0
2024-05-16,WDO,M5,C1,long,2024-05-16 10:00:00,5125.5,2024-05-16 10:40:00,5135.75,tp,5111.5,5135.75,5146.0,5125.5,20.5,False,3,2024,10.25,0.0019998048970832115,102.5,9.75,0.0019022534386889084,97.5,9.25,0.0018047019802946054,92.5,8.25,0.0016095990635059995,82.5
2024-05-17,WDO,M5,C1,long,2024-05-17 10:45:00,5132.0,2024-05-17 11:00:00,5120.5,stop,5120.5,5137.75,5144.0,5131.5,12.5,False,3,2024,-11.5,-0.002240841777084957,-115.0,-12.0,-0.002338269680436477,-120.0,-12.5,-0.002435697583787997,-125.0,-13.5,-0.0026305533904910365,-135.0
2024-05-20,WDO,M5,C1,short,2024-05-20 09:55:00,5126.0,2024-05-20 10:05:00,5133.5,stop,5133.5,5117.25,5126.5,5108.0,18.5,False,3,2024,-7.5,-0.001463129145532579,-75.0,-8.0,-0.0015606710885680843,-80.0,-8.5,-0.0016582130316035895,-85.0,-9.5,-0.0018532969176746,-95.0
2024-05-21,WDO,M5,C1,long,2024-05-21 09:30:00,5100.0,2024-05-21 09:30:00,5101.25,tp,5094.0,5101.25,5106.5,5096.0,10.5,False,3,2024,1.25,0.00024509803921568627,12.5,0.75,0.00014705882352941175,7.5,0.25,4.901960784313725e-05,2.5,-0.75,-0.00014705882352941175,-7.5
2024-05-22,WDO,M5,C1,short,2024-05-22 09:30:00,5145.5,2024-05-22 09:35:00,5141.0,tp,5149.0,5141.0,5146.0,5136.0,10.0,False,3,2024,4.5,0.0008745505781751045,45.0,4.0,0.0007773782917112039,40.0,3.5,0.0006802060052473035,35.0,2.5,0.0004858614323195025,25.0
2024-05-23,WDO,M5,C1,long,2024-05-23 09:30:00,5135.5,2024-05-23 09:30:00,5133.0,stop,5133.0,5140.75,5146.0,5135.5,10.5,False,3,2024,-2.5,-0.0004868075163080518,-25.0,-3.0,-0.0005841690195696621,-30.0,-3.5,-0.0006815305228312725,-35.0,-4.5,-0.0008762535293544932,-45.0
2024-05-24,WDO,M5,C1,long,2024-05-24 09:45:00,5137.0,2024-05-24 09:45:00,5140.25,tp,5131.0,5140.25,5145.5,5135.0,10.5,False,3,2024,3.25,0.0006326649795600545,32.5,2.75,0.0005353319057815846,27.5,2.25,0.00043799883200311467,22.5,1.25,0.0002433326844461748,12.5
2024-05-28,WDO,M5,C1,long,2024-05-28 11:00:00,5147.0,2024-05-28 11:30:00,5158.25,tp,5135.0,5158.25,5169.5,5147.0,22.5,False,3,2024,11.25,0.0021857392655916068,112.5,10.75,0.00208859529823198,107.5,10.25,0.001991451330872353,102.5,9.25,0.0017971633961530989,92.5
2024-05-29,WDO,M5,C1,short,2024-05-29 09:35:00,5180.0,2024-05-29 09:35:00,5183.5,stop,5183.5,5174.75,5179.5,5170.0,9.5,False,3,2024,-3.5,-0.0006756756756756757,-35.0,-4.0,-0.0007722007722007722,-40.0,-4.5,-0.0008687258687258687,-45.0,-5.5,-0.0010617760617760619,-55.0
2024-05-31,WDO,M5,C1,short,2024-05-31 09:30:00,5219.0,2024-05-31 09:30:00,5214.5,tp,5225.0,5214.5,5221.0,5208.0,13.0,True,3,2024,4.5,0.0008622341444721211,45.0,4.0,0.0007664303506418854,40.0,3.5,0.0006706265568116498,35.0,2.5,0.00047901896915117836,25.0
2024-06-03,WDO,M5,C1,long,2024-06-03 09:45:00,5263.0,2024-06-03 09:45:00,5270.0,tp,5253.0,5270.0,5280.5,5259.5,21.0,False,3,2024,7.0,0.001330039901197036,70.0,6.5,0.0012350370511115334,65.0,6.0,0.0011400342010260307,60.0,5.0,0.0009500285008550256,50.0
2024-06-04,WDO,M5,C1,long,2024-06-04 09:55:00,5272.5,2024-06-04 10:00:00,5267.0,stop,5267.0,5280.25,5289.0,5271.5,17.5,False,3,2024,-5.5,-0.0010431484115694643,-55.0,-6.0,-0.0011379800853485065,-60.0,-6.5,-0.0012328117591275487,-65.0,-7.5,-0.001422475106685633,-75.0
2024-06-05,WDO,M5,C1,short,2024-06-05 10:35:00,5286.0,2024-06-05 10:45:00,5295.0,stop,5295.0,5282.0,5289.0,5275.0,14.0,False,3,2024,-9.0,-0.00170261066969353,-90.0,-9.5,-0.0017972001513431707,-95.0,-10.0,-0.0018917896329928112,-100.0,-11.0,-0.0020809685962920924,-110.0
2024-06-11,WDO,M5,C1,long,2024-06-11 09:25:00,5366.0,2024-06-11 09:30:00,5371.5,tp,5357.0,5371.5,5383.0,5360.0,23.0,False,3,2024,5.5,0.0010249720462169214,55.0,5.0,0.0009317927692881103,50.0,4.5,0.0008386134923592993,45.0,3.5,0.0006522549385016772,35.0
2024-06-13,WDO,M5,C1,short,2024-06-13 09:25:00,5412.0,2024-06-13 09:30:00,5404.0,tp,5425.0,5404.0,5415.5,5392.5,23.0,False,3,2024,8.0,0.0014781966001478197,80.0,7.5,0.001385809312638581,75.0,7.0,0.0012934220251293422,70.0,6.0,0.0011086474501108647,60.0
2024-06-14,WDO,M5,C1,long,2024-06-14 09:50:00,5362.0,2024-06-14 10:10:00,5375.25,tp,5352.0,5375.25,5390.0,5360.5,29.5,False,3,2024,13.25,0.002471092875792615,132.5,12.75,0.002377844088026856,127.5,12.25,0.0022845953002610967,122.5,11.25,0.0020980977247295786,112.5
2024-06-20,WDO,M5,C1,short,2024-06-20 10:05:00,5409.0,2024-06-20 10:20:00,5418.5,stop,5418.5,5398.25,5413.5,5383.0,30.5,False,3,2024,-9.5,-0.001756332039193936,-95.0,-10.0,-0.0018487705675725643,-100.0,-10.5,-0.0019412090959511925,-105.0,-11.5,-0.002126086152708449,-115.0
2024-06-21,WDO,M5,C1,short,2024-06-21 09:30:00,5449.5,2024-06-21 09:30:00,5445.5,tp,5457.5,5445.5,5453.5,5437.5,16.0,False,3,2024,4.0,0.0007340122947059363,40.0,3.5,0.0006422607578676942,35.0,3.0,0.0005505092210294523,30.0,2.0,0.00036700614735296817,20.0
2024-06-25,WDO,M5,C1,short,2024-06-25 10:05:00,5419.5,2024-06-25 10:05:00,5414.25,tp,5423.0,5414.25,5421.0,5407.5,13.5,False,3,2024,5.25,0.0009687240520343206,52.5,4.75,0.0008764646185072424,47.5,4.25,0.0007842051849801643,42.5,3.25,0.0005996863179260079,32.5
2024-06-27,WDO,M5,C1,long,2024-06-27 10:00:00,5504.5,2024-06-27 10:05:00,5512.75,tp,5484.0,5512.75,5524.5,5501.0,23.5,False,3,2024,8.25,0.0014987737305840675,82.5,7.75,0.001407938959033518,77.5,7.25,0.0013171041874829685,72.5,6.25,0.0011354346443818693,62.5
2024-06-28,WDO,M5,C1,short,2024-06-28 09:30:00,5528.5,2024-06-28 09:30:00,5535.5,stop,5535.5,5515.5,5529.0,5502.0,27.0,True,3,2024,-7.0,-0.0012661662295378492,-70.0,-7.5,-0.0013566066745048385,-75.0,-8.0,-0.0014470471194718277,-80.0,-9.0,-0.0016279280094058063,-90.0
2024-07-01,WDO,M5,C1,long,2024-07-01 09:30:00,5598.0,2024-07-01 09:30:00,5592.5,stop,5592.5,5609.25,5623.0,5595.5,27.5,False,3,2024,-5.5,-0.0009824937477670597,-55.0,-6.0,-0.0010718113612004287,-60.0,-6.5,-0.0011611289746337977,-65.0,-7.5,-0.0013397642015005359,-75.0
2024-07-02,WDO,M5,C1,short,2024-07-02 10:40:00,5674.5,2024-07-02 11:15:00,5690.5,stop,5690.5,5661.75,5676.0,5647.5,28.5,False,3,2024,-16.0,-0.002819631685611067,-160.0,-16.5,-0.002907745175786413,-165.0,-17.0,-0.002995858665961759,-170.0,-18.0,-0.0031720856463124504,-180.0
2024-07-04,WDO,M5,C1,long,2024-07-04 11:35:00,5503.5,2024-07-04 12:55:00,5516.5,tp,5483.0,5516.5,5532.0,5501.0,31.0,False,3,2024,13.0,0.002362133187971291,130.0,12.5,0.002271281911510857,125.0,12.0,0.0021804306350504225,120.0,11.0,0.001998728082129554,110.0
2024-07-05,WDO,M5,C1,short,2024-07-05 09:25:00,5505.0,2024-07-05 09:30:00,5515.0,stop,5515.0,5495.75,5512.0,5479.5,32.5,False,3,2024,-10.0,-0.0018165304268846503,-100.0,-10.5,-0.0019073569482288828,-105.0,-11.0,-0.0019981834695731154,-110.0,-12.0,-0.0021798365122615805,-120.0
2024-07-08,WDO,M5,C1,short,2024-07-08 09:50:00,5487.5,2024-07-08 10:10:00,5496.0,stop,5496.0,5480.0,5490.5,5469.5,21.0,False,3,2024,-8.5,-0.0015489749430523919,-85.0,-9.0,-0.0016400911161731208,-90.0,-9.5,-0.0017312072892938497,-95.0,-10.5,-0.0019134396355353076,-105.0
2024-07-10,WDO,M5,C1,long,2024-07-10 10:55:00,5412.0,2024-07-10 13:00:00,5415.5,time,5384.0,5419.75,5429.5,5410.0,19.5,False,3,2024,3.5,0.0006467110125646711,35.0,3.0,0.0005543237250554324,30.0,2.5,0.00046193643754619364,25.0,1.5,0.0002771618625277162,15.0
2024-07-11,WDO,M5,C1,long,2024-07-11 10:00:00,5417.5,2024-07-11 10:30:00,5425.5,tp,5383.0,5425.5,5435.5,5415.5,20.0,False,3,2024,8.0,0.0014766958929395477,80.0,7.5,0.0013844023996308261,75.0,7.0,0.0012921089063221043,70.0,6.0,0.0011075219197046607,60.0
2024-07-12,WDO,M5,C1,long,2024-07-12 09:25:00,5432.5,2024-07-12 09:30:00,5438.5,tp,5427.0,5438.5,5446.5,5430.5,16.0,False,3,2024,6.0,0.0011044638748274275,60.0,5.5,0.0010124252185918085,55.0,5.0,0.0009203865623561896,50.0,4.0,0.0007363092498849517,40.0
2024-07-15,WDO,M5,C1,short,2024-07-15 10:20:00,5469.0,2024-07-15 11:55:00,5460.75,tp,5488.0,5460.75,5472.0,5449.5,22.5,False,3,2024,8.25,0.0015085024684585847,82.5,7.75,0.0014170780764307918,77.5,7.25,0.0013256536844029987,72.5,6.25,0.0011428049003474126,62.5
2024-07-16,WDO,M5,C1,long,2024-07-16 09:35:00,5441.5,2024-07-16 09:35:00,5443.5,tp,5430.5,5443.5,5449.5,5437.5,12.0,False,3,2024,2.0,0.0003675457134981163,20.0,1.5,0.00027565928512358727,15.0,1.0,0.00018377285674905816,10.0,0.0,0.0,0.0
2024-07-17,WDO,M5,C1,short,2024-07-17 09:35:00,5451.5,2024-07-17 09:40:00,5448.5,tp,5461.0,5448.5,5454.0,5443.0,11.0,False,3,2024,3.0,0.0005503072548839769,30.0,2.5,0.0004585893790699807,25.0,2.0,0.0003668715032559846,20.0,1.0,0.0001834357516279923,10.0
2024-07-19,WDO,M5,C1,short,2024-07-19 10:25:00,5553.0,2024-07-19 10:35:00,5543.25,tp,5577.5,5543.25,5557.0,5529.5,27.5,False,3,2024,9.75,0.0017558076715289033,97.5,9.25,0.0016657662524761391,92.5,8.75,0.0015757248334233747,87.5,7.75,0.0013956419953178461,77.5
2024-07-22,WDO,M5,C1,long,2024-07-22 09:50:00,5592.5,2024-07-22 09:55:00,5579.5,stop,5579.5,5605.0,5617.5,5592.5,25.0,False,3,2024,-13.0,-0.00232454179704962,-130.0,-13.5,-0.0024139472507822978,-135.0,-14.0,-0.0025033527045149754,-140.0,-15.0,-0.002682163611980331,-150.0
2024-07-23,WDO,M5,C1,short,2024-07-23 10:00:00,5595.5,2024-07-23 10:20:00,5589.75,tp,5613.0,5589.75,5596.0,5583.5,12.5,False,3,2024,5.75,0.0010276114735054956,57.5,5.25,0.000938253954070235,52.5,4.75,0.0008488964346349745,47.5,3.75,0.0006701813957644536,37.5
2024-07-26,WDO,M5,C1,short,2024-07-26 09:40:00,5643.5,2024-07-26 09:55:00,5632.25,tp,5655.0,5632.25,5645.0,5619.5,25.5,False,3,2024,11.25,0.0019934437848852663,112.5,10.75,0.00190484628333481,107.5,10.25,0.0018162487817843537,102.5,9.25,0.0016390537786834412,92.5
2024-07-29,WDO,M5,C1,long,2024-07-29 11:20:00,5652.5,2024-07-29 11:25:00,5659.75,tp,5635.0,5659.75,5667.0,5652.5,14.5,False,3,2024,7.25,0.0012826183104820876,72.5,6.75,0.0011941618752764264,67.5,6.25,0.0011057054400707652,62.5,5.25,0.0009287925696594427,52.5
2024-07-31,WDO,M5,C1,short,2024-07-31 11:20:00,5652.5,2024-07-31 13:00:00,5681.0,time,5702.0,5637.25,5653.0,5621.5,31.5,True,3,2024,-28.5,-0.005042016806722689,-285.0,-29.0,-0.005130473241928351,-290.0,-29.5,-0.005218929677134012,-295.0,-30.5,-0.005395842547545334,-305.0
2024-08-02,WDO,M5,C1,short,2024-08-02 09:40:00,5796.5,2024-08-02 09:40:00,5787.0,tp,5811.5,5787.0,5797.5,5776.5,21.0,False,3,2024,9.5,0.0016389200379539378,95.0,9.0,0.001552661088587941,90.0,8.5,0.0014664021392219442,85.0,7.5,0.0012938842404899508,75.0
2024-08-05,WDO,M5,C1,long,2024-08-05 09:30:00,5831.0,2024-08-05 09:55:00,5791.0,stop,5791.0,5850.5,5883.0,5818.0,65.0,False,3,2024,-40.0,-0.006859886811867604,-400.0,-40.5,-0.006945635397015949,-405.0,-41.0,-0.007031383982164294,-410.0,-42.0,-0.007202881152460984,-420.0
2024-08-06,WDO,M5,C1,long,2024-08-06 09:30:00,5685.0,2024-08-06 09:40:00,5678.0,stop,5678.0,5707.0,5729.5,5684.5,45.0,False,3,2024,-7.0,-0.0012313104661389623,-70.0,-7.5,-0.0013192612137203166,-75.0,-8.0,-0.001407211961301671,-80.0,-9.0,-0.0015831134564643799,-90.0
2024-08-07,WDO,M5,C1,short,2024-08-07 09:30:00,5645.0,2024-08-07 09:35:00,5634.5,tp,5655.0,5634.5,5646.5,5622.5,24.0,False,3,2024,10.5,0.0018600531443755536,105.0,10.0,0.001771479185119575,100.0,9.5,0.001682905225863596,95.0,8.5,0.0015057573073516386,85.0
2024-08-08,WDO,M5,C1,short,2024-08-08 10:05:00,5651.0,2024-08-08 10:05:00,5645.75,tp,5670.0,5645.75,5652.5,5639.0,13.5,False,3,2024,5.25,0.0009290391081224562,52.5,4.75,0.0008405591930631747,47.5,4.25,0.0007520792780038931,42.5,3.25,0.0005751194478853301,32.5
2024-08-12,WDO,M5,C1,long,2024-08-12 10:00:00,5499.5,2024-08-12 10:00:00,5492.5,stop,5492.5,5507.75,5520.0,5495.5,24.5,False,3,2024,-7.0,-0.0012728429857259752,-70.0,-7.5,-0.001363760341849259,-75.0,-8.0,-0.001454677697972543,-80.0,-9.0,-0.0016365124102191108,-90.0
2024-08-13,WDO,M5,C1,long,2024-08-13 09:45:00,5499.0,2024-08-13 09:45:00,5495.25,tp,5478.5,5495.25,5506.5,5484.0,22.5,False,3,2024,-3.75,-0.0006819421713038735,-37.5,-4.25,-0.0007728677941443899,-42.5,-4.75,-0.0008637934169849063,-47.5,-5.75,-0.0010456446626659394,-57.5
2024-08-14,WDO,M5,C1,short,2024-08-14 09:25:00,5454.0,2024-08-14 09:25:00,5456.5,tp,5465.5,5456.5,5462.5,5450.5,12.0,False,3,2024,-2.5,-0.0004583791712504584,-25.0,-3.0,-0.00055005500550055,-30.0,-3.5,-0.0006417308397506417,-35.0,-4.5,-0.0008250825082508251,-45.0
2024-08-15,WDO,M5,C1,long,2024-08-15 09:35:00,5483.0,2024-08-15 09:35:00,5475.75,tp,5463.0,5475.75,5484.5,5467.0,17.5,False,3,2024,-7.25,-0.0013222688309319716,-72.5,-7.75,-0.001413459784789349,-77.5,-8.25,-0.0015046507386467262,-82.5,-9.25,-0.001687032646361481,-92.5
2024-08-16,WDO,M5,C1,long,2024-08-16 11:15:00,5477.0,2024-08-16 11:15:00,5483.25,tp,5445.5,5483.25,5493.0,5473.5,19.5,False,3,2024,6.25,0.0011411356582070476,62.5,5.75,0.0010498448055504838,57.5,5.25,0.00095855395289392,52.5,4.25,0.0007759722475807924,42.5
2024-08-23,WDO,M5,C1,long,2024-08-23 10:50:00,5568.5,2024-08-23 11:00:00,5554.5,stop,5554.5,5577.75,5589.0,5566.5,22.5,False,3,2024,-14.0,-0.00251414204902577,-140.0,-14.5,-0.002603932836490976,-145.0,-15.0,-0.002693723623956182,-150.0,-16.0,-0.0028733051988865943,-160.0
2024-08-26,WDO,M5,C1,long,2024-08-26 09:40:00,5490.0,2024-08-26 10:00:00,5496.25,tp,5474.5,5496.25,5504.5,5488.0,16.5,False,3,2024,6.25,0.001138433515482696,62.5,5.75,0.0010473588342440803,57.5,5.25,0.0009562841530054645,52.5,4.25,0.0007741347905282332,42.5
2024-08-27,WDO,M5,C1,short,2024-08-27 09:55:00,5488.5,2024-08-27 09:55:00,5487.0,tp,5513.5,5487.0,5495.0,5479.0,16.0,False,3,2024,1.5,0.00027329871549603714,15.0,1.0,0.0001821991436640248,10.0,0.5,9.10995718320124e-05,5.0,-0.5,-9.10995718320124e-05,-5.0
2024-08-28,WDO,M5,C1,short,2024-08-28 09:55:00,5542.5,2024-08-28 10:40:00,5527.5,tp,5546.0,5527.5,5542.0,5513.0,29.0,False,3,2024,15.0,0.0027063599458728013,150.0,14.5,0.002616147947677041,145.0,14.0,0.002525935949481281,140.0,13.0,0.002345511953089761,130.0
2024-09-02,WDO,M5,C1,short,2024-09-02 10:40:00,5659.0,2024-09-02 11:20:00,5672.5,stop,5672.5,5647.25,5662.5,5632.0,30.5,False,3,2024,-13.5,-0.0023855804912528717,-135.0,-14.0,-0.0024739353242622373,-140.0,-14.5,-0.002562290157271603,-145.0,-15.5,-0.002738999823290334,-155.0
2024-09-03,WDO,M5,C1,long,2024-09-03 10:40:00,5629.0,2024-09-03 10:55:00,5642.25,tp,5592.0,5642.25,5657.0,5627.5,29.5,False,3,2024,13.25,0.002353881684135726,132.5,12.75,0.002265055960206076,127.5,12.25,0.002176230236276426,122.5,11.25,0.0019985787884171254,112.5
2024-09-04,WDO,M5,C1,long,2024-09-04 10:05:00,5654.0,2024-09-04 11:35:00,5634.5,stop,5634.5,5664.75,5677.0,5652.5,24.5,False,3,2024,-19.5,-0.003448885744605589,-195.0,-20.0,-0.003537318712415989,-200.0,-20.5,-0.003625751680226388,-205.0,-21.5,-0.003802617615847188,-215.0
2024-09-05,WDO,M5,C1,long,2024-09-05 09:45:00,5640.5,2024-09-05 10:20:00,5619.0,stop,5619.0,5652.25,5665.0,5639.5,25.5,False,3,2024,-21.5,-0.0038117188192536124,-215.0,-22.0,-0.003900363442957185,-220.0,-22.5,-0.003989008066660757,-225.0,-23.5,-0.004166297314067902,-235.0
2024-09-06,WDO,M5,C1,long,2024-09-06 11:05:00,5583.5,2024-09-06 11:05:00,5589.25,tp,5543.0,5589.25,5599.5,5579.0,20.5,False,3,2024,5.75,0.0010298200053729739,57.5,5.25,0.0009402704396883675,52.5,4.75,0.0008507208740037611,47.5,3.75,0.0006716217426345482,37.5
2024-09-09,WDO,M5,C1,short,2024-09-09 10:05:00,5635.5,2024-09-09 11:30:00,5618.0,tp,5654.0,5618.0,5640.0,5596.0,44.0,False,3,2024,17.5,0.003105314523999645,175.0,17.0,0.0030165912518853697,170.0,16.5,0.002927867979771094,165.0,15.5,0.002750421435542543,155.0
2024-09-10,WDO,M5,C1,short,2024-09-10 09:30:00,5598.0,2024-09-10 09:35:00,5609.0,stop,5609.0,5589.75,5598.5,5581.0,17.5,False,3,2024,-11.0,-0.0019649874955341195,-110.0,-11.5,-0.0020543051089674884,-115.0,-12.0,-0.0021436227224008574,-120.0,-13.0,-0.0023222579492675954,-130.0
2024-09-11,WDO,M5,C1,long,2024-09-11 09:25:00,5643.0,2024-09-11 09:30:00,5647.5,tp,5633.5,5647.5,5659.5,5635.5,24.0,False,3,2024,4.5,0.0007974481658692185,45.0,4.0,0.000708842814105972,40.0,3.5,0.0006202374623427255,35.0,2.5,0.0004430267588162325,25.0
2024-09-12,WDO,M5,C1,long,2024-09-12 10:20:00,5656.5,2024-09-12 10:20:00,5662.25,tp,5644.5,5662.25,5669.0,5655.5,13.5,False,3,2024,5.75,0.0010165296561477945,57.5,5.25,0.0009281357730045081,52.5,4.75,0.0008397418898612216,47.5,3.75,0.0006629541235746487,37.5
2024-09-13,WDO,M5,C1,long,2024-09-13 09:50:00,5615.5,2024-09-13 10:00:00,5622.0,tp,5601.0,5622.0,5629.5,5614.5,15.0,False,3,2024,6.5,0.0011575104621137922,65.0,6.0,0.0010684711957973465,60.0,5.5,0.0009794319294809011,55.0,4.5,0.00080135339684801,45.0
2024-09-16,WDO,M5,C1,short,2024-09-16 10:00:00,5571.5,2024-09-16 10:00:00,5570.25,tp,5590.0,5570.25,5582.0,5558.5,23.5,False,3,2024,1.25,0.0002243560979987436,12.5,0.75,0.00013461365879924617,7.5,0.25,4.487121959974872e-05,2.5,-0.75,-0.00013461365879924617,-7.5
2024-09-18,WDO,M5,C1,short,2024-09-18 09:35:00,5493.5,2024-09-18 09:45:00,5501.5,stop,5501.5,5484.75,5494.0,5475.5,18.5,False,3,2024,-8.0,-0.0014562664967689087,-80.0,-8.5,-0.0015472831528169655,-85.0,-9.0,-0.0016382998088650222,-90.0,-10.0,-0.0018203331209611358,-100.0
2024-09-23,WDO,M5,C1,long,2024-09-23 09:35:00,5573.5,2024-09-23 09:50:00,5562.5,stop,5562.5,5587.75,5603.5,5572.0,31.5,False,3,2024,-11.0,-0.0019736251906342516,-110.0,-11.5,-0.002063335426572172,-115.0,-12.0,-0.0021530456625100925,-120.0,-13.0,-0.0023324661343859334,-130.0
2024-09-25,WDO,M5,C1,short,2024-09-25 09:50:00,5470.5,2024-09-25 11:15:00,5479.5,stop,5479.5,5456.25,5471.5,5441.0,30.5,False,3,2024,-9.0,-0.0016451878256100905,-90.0,-9.5,-0.0017365871492550954,-95.0,-10.0,-0.0018279864729001006,-100.0,-11.0,-0.0020107851201901106,-110.0
2024-09-26,WDO,M5,C1,short,2024-09-26 11:10:00,5444.0,2024-09-26 12:20:00,5426.25,tp,5451.0,5426.25,5446.0,5406.5,39.5,False,3,2024,17.75,0.003260470242468773,177.5,17.25,0.003168626010286554,172.5,16.75,0.003076781778104335,167.5,15.75,0.002893093313739897,157.5
2024-09-27,WDO,M5,C1,short,2024-09-27 10:25:00,5439.5,2024-09-27 11:20:00,5436.0,tp,5459.0,5436.0,5445.5,5426.5,19.0,False,3,2024,3.5,0.0006434414927842633,35.0,3.0,0.0005515212795293685,30.0,2.5,0.0004596010662744738,25.0,1.5,0.00027576063976468427,15.0
2024-10-01,WDO,M5,C1,long,2024-10-01 09:30:00,5461.5,2024-10-01 09:40:00,5451.5,stop,5451.5,5477.75,5497.5,5458.0,39.5,False,3,2024,-10.0,-0.0018309988098507736,-100.0,-10.5,-0.0019225487503433123,-105.0,-11.0,-0.002014098690835851,-110.0,-12.0,-0.0021971985718209283,-120.0
2024-10-02,WDO,M5,C1,short,2024-10-02 09:35:00,5437.0,2024-10-02 09:50:00,5430.75,tp,5447.5,5430.75,5439.0,5422.5,16.5,False,3,2024,6.25,0.001149530991355527,62.5,5.75,0.0010575685120470847,57.5,5.25,0.0009656060327386427,52.5,4.25,0.0007816810741217583,42.5
2024-10-03,WDO,M5,C1,short,2024-10-03 10:05:00,5488.0,2024-10-03 10:25:00,5502.5,stop,5502.5,5478.25,5488.5,5468.0,20.5,False,3,2024,-14.5,-0.0026421282798833818,-145.0,-15.0,-0.0027332361516034984,-150.0,-15.5,-0.002824344023323615,-155.0,-16.5,-0.0030065597667638484,-165.0
2024-10-04,WDO,M5,C1,short,2024-10-04 10:10:00,5505.5,2024-10-04 10:15:00,5496.0,tp,5538.0,5496.0,5512.5,5479.5,33.0,False,3,2024,9.5,0.0017255471800926346,95.0,9.0,0.00163472890745618,90.0,8.5,0.0015439106348197258,85.0,7.5,0.001362274089546817,75.0
2024-10-07,WDO,M5,C1,long,2024-10-07 09:30:00,5446.5,2024-10-07 10:20:00,5466.0,tp,5437.0,5466.0,5488.0,5444.0,44.0,False,3,2024,19.5,0.0035802809143486644,195.0,19.0,0.0034884788396217755,190.0,18.5,0.0033966767648948865,185.0,17.5,0.003213072615441109,175.0
2024-10-08,WDO,M5,C1,short,2024-10-08 09:45:00,5529.0,2024-10-08 09:45:00,5523.0,tp,5538.0,5523.0,5531.0,5515.0,16.0,False,3,2024,6.0,0.0010851871947911015,60.0,5.5,0.0009947549285585096,55.0,5.0,0.0009043226623259179,50.0,4.0,0.0007234581298607343,40.0
2024-10-10,WDO,M5,C1,short,2024-10-10 09:30:00,5604.5,2024-10-10 09:30:00,5608.5,stop,5608.5,5597.5,5605.0,5590.0,15.0,False,3,2024,-4.0,-0.0007137121955571416,-40.0,-4.5,-0.0008029262200017843,-45.0,-5.0,-0.000892140244446427,-50.0,-6.0,-0.0010705682933357123,-60.0
2024-10-11,WDO,M5,C1,short,2024-10-11 09:45:00,5590.0,2024-10-11 09:45:00,5597.0,stop,5597.0,5584.0,5592.5,5575.5,17.0,False,3,2024,-7.0,-0.0012522361359570662,-70.0,-7.5,-0.0013416815742397137,-75.0,-8.0,-0.0014311270125223613,-80.0,-9.0,-0.0016100178890876566,-90.0
2024-10-14,WDO,M5,C1,short,2024-10-14 10:00:00,5647.0,2024-10-14 10:05:00,5637.5,tp,5664.5,5637.5,5649.0,5626.0,23.0,False,3,2024,9.5,0.0016823091907207366,95.0,9.0,0.0015937666017354348,90.0,8.5,0.0015052240127501329,85.0,7.5,0.001328138834779529,75.0
2024-10-17,WDO,M5,C1,long,2024-10-17 09:45:00,5691.5,2024-10-17 09:45:00,5691.75,tp,5681.0,5691.75,5698.5,5685.0,13.5,False,3,2024,0.25,4.392515154177282e-05,2.5,-0.25,-4.392515154177282e-05,-2.5,-0.75,-0.00013177545462531845,-7.5,-1.75,-0.00030747606079240973,-17.5
2024-10-21,WDO,M5,C1,short,2024-10-21 10:10:00,5722.0,2024-10-21 11:00:00,5713.75,tp,5742.5,5713.75,5722.5,5705.0,17.5,False,3,2024,8.25,0.0014418035651869976,82.5,7.75,0.00135442153093324,77.5,7.25,0.0012670394966794827,72.5,6.25,0.001092275428171968,62.5
2024-10-22,WDO,M5,C1,short,2024-10-22 10:20:00,5699.5,2024-10-22 10:20:00,5699.25,tp,5723.5,5699.25,5708.0,5690.5,17.5,False,3,2024,0.25,4.3863496797964735e-05,2.5,-0.25,-4.3863496797964735e-05,-2.5,-0.75,-0.0001315904903938942,-7.5,-1.75,-0.00030704447758575314,-17.5
2024-10-23,WDO,M5,C1,long,2024-10-23 10:20:00,5716.0,2024-10-23 10:45:00,5725.25,tp,5709.0,5725.25,5734.5,5716.0,18.5,False,3,2024,9.25,0.0016182645206438068,92.5,8.75,0.0015307907627711687,87.5,8.25,0.0014433170048985305,82.5,7.25,0.001268369489153254,72.5
2024-10-24,WDO,M5,C1,short,2024-10-24 11:10:00,5704.0,2024-10-24 13:00:00,5712.0,time,5724.5,5691.5,5704.0,5679.0,25.0,False,3,2024,-8.0,-0.001402524544179523,-80.0,-8.5,-0.0014901823281907433,-85.0,-9.0,-0.0015778401122019635,-90.0,-10.0,-0.0017531556802244039,-100.0
2024-10-25,WDO,M5,C1,short,2024-10-25 11:15:00,5683.0,2024-10-25 11:15:00,5679.5,tp,5707.5,5679.5,5686.5,5672.5,14.0,False,3,2024,3.5,0.0006158718986450818,35.0,3.0,0.0005278901988386416,30.0,2.5,0.0004399084990322013,25.0,1.5,0.0002639450994193208,15.0
2024-10-28,WDO,M5,C1,short,2024-10-28 09:25:00,5709.0,2024-10-28 09:25:00,5707.75,tp,5722.5,5707.75,5715.0,5700.5,14.5,False,3,2024,1.25,0.00021895253109125942,12.5,0.75,0.00013137151865475564,7.5,0.25,4.3790506218251886e-05,2.5,-0.75,-0.00013137151865475564,-7.5
2024-10-29,WDO,M5,C1,long,2024-10-29 11:10:00,5708.0,2024-10-29 11:20:00,5701.0,stop,5701.0,5721.0,5735.0,5707.0,28.0,False,3,2024,-7.0,-0.0012263489838822705,-70.0,-7.5,-0.0013139453398738612,-75.0,-8.0,-0.001401541695865452,-80.0,-9.0,-0.0015767344078486335,-90.0
2024-10-30,WDO,M5,C1,short,2024-10-30 11:10:00,5775.0,2024-10-30 11:15:00,5767.75,tp,5792.5,5767.75,5774.5,5761.0,13.5,False,3,2024,7.25,0.0012554112554112554,72.5,6.75,0.0011688311688311688,67.5,6.25,0.0010822510822510823,62.5,5.25,0.0009090909090909091,52.5
2024-10-31,WDO,M5,C1,short,2024-10-31 10:25:00,5789.5,2024-10-31 10:25:00,5794.5,stop,5794.5,5781.75,5792.5,5771.0,21.5,True,3,2024,-5.0,-0.0008636324380343726,-50.0,-5.5,-0.0009499956818378099,-55.0,-6.0,-0.001036358925641247,-60.0,-7.0,-0.0012090854132481216,-70.0
2024-11-01,WDO,M5,C1,long,2024-11-01 10:20:00,5814.5,2024-11-01 10:20:00,5812.75,tp,5779.5,5812.75,5822.0,5803.5,18.5,False,3,2024,-1.75,-0.00030097170865938603,-17.5,-2.25,-0.0003869636254192106,-22.5,-2.75,-0.0004729555421790352,-27.5,-3.75,-0.0006449393756986844,-37.5
2024-11-05,WDO,M5,C1,long,2024-11-05 10:40:00,5798.5,2024-11-05 11:15:00,5806.5,tp,5787.5,5806.5,5818.0,5795.0,23.0,False,3,2024,8.0,0.0013796671552987843,80.0,7.5,0.0012934379580926102,75.0,7.0,0.001207208760886436,70.0,6.0,0.0010347503664740881,60.0
2024-11-07,WDO,M5,C1,short,2024-11-07 09:50:00,5708.5,2024-11-07 10:05:00,5695.75,tp,5722.5,5695.75,5711.5,5680.0,31.5,False,3,2024,12.75,0.002233511430323202,127.5,12.25,0.002145922746781116,122.5,11.75,0.0020583340632390297,117.5,10.75,0.0018831566961548568,107.5
2024-11-08,WDO,M5,C1,short,2024-11-08 09:30:00,5755.0,2024-11-08 09:50:00,5762.0,stop,5762.0,5746.25,5756.0,5736.5,19.5,False,3,2024,-7.0,-0.0012163336229365769,-70.0,-7.5,-0.0013032145960034753,-75.0,-8.0,-0.0013900955690703736,-80.0,-9.0,-0.0015638575152041702,-90.0
2024-11-11,WDO,M5,C1,short,2024-11-11 11:30:00,5793.5,2024-11-11 13:00:00,5797.0,time,5827.0,5788.0,5795.0,5781.0,14.0,False,3,2024,-3.5,-0.0006041253128506084,-35.0,-4.0,-0.0006904289289721239,-40.0,-4.5,-0.0007767325450936394,-45.0,-5.5,-0.0009493397773366704,-55.0
2024-11-12,WDO,M5,C1,long,2024-11-12 10:55:00,5789.5,2024-11-12 11:15:00,5796.0,tp,5761.5,5796.0,5804.0,5788.0,16.0,False,3,2024,6.5,0.0011227221694446842,65.0,6.0,0.001036358925641247,60.0,5.5,0.0009499956818378099,55.0,4.5,0.0007772691942309353,45.0
2024-11-18,WDO,M5,C1,short,2024-11-18 09:55:00,5799.5,2024-11-18 10:10:00,5789.5,tp,5808.5,5789.5,5800.0,5779.0,21.0,False,3,2024,10.0,0.0017242865764290024,100.0,9.5,0.0016380722476075525,95.0,9.0,0.0015518579187861023,90.0,8.0,0.001379429261143202,80.0
2024-11-19,WDO,M5,C1,long,2024-11-19 09:35:00,5765.5,2024-11-19 09:40:00,5771.25,tp,5754.0,5771.25,5777.0,5765.5,11.5,False,3,2024,5.75,0.0009973115948313242,57.5,5.25,0.0009105888474546874,52.5,4.75,0.0008238661000780505,47.5,3.75,0.0006504206053247767,37.5
2024-11-22,WDO,M5,C1,short,2024-11-22 11:05:00,5822.0,2024-11-22 12:40:00,5814.25,tp,5838.0,5814.25,5832.5,5796.0,36.5,False,3,2024,7.75,0.0013311576777739608,77.5,7.25,0.001245276537272415,72.5,6.75,0.0011593953967708691,67.5,5.75,0.0009876331157677774,57.5
2024-11-25,WDO,M5,C1,short,2024-11-25 09:40:00,5787.5,2024-11-25 09:40:00,5790.5,tp,5808.0,5790.5,5797.0,5784.0,13.0,False,3,2024,-3.0,-0.0005183585313174946,-30.0,-3.5,-0.0006047516198704104,-35.0,-4.0,-0.0006911447084233262,-40.0,-5.0,-0.0008639308855291577,-50.0
2024-11-26,WDO,M5,C1,long,2024-11-26 09:40:00,5792.5,2024-11-26 10:55:00,5808.75,tp,5783.0,5808.75,5828.5,5789.0,39.5,False,3,2024,16.25,0.0028053517479499353,162.5,15.75,0.002719033232628399,157.5,15.25,0.0026327147173068623,152.5,14.25,0.0024600776866637894,142.5
2024-11-27,WDO,M5,C1,short,2024-11-27 10:05:00,5829.0,2024-11-27 11:15:00,5816.75,tp,5834.0,5816.75,5828.5,5805.0,23.5,False,3,2024,12.25,0.002101561159718648,122.5,11.75,0.0020157831531995196,117.5,11.25,0.0019300051466803912,112.5,10.25,0.001758449133642134,102.5
2024-12-04,WDO,M5,C1,short,2024-12-04 09:45:00,6078.5,2024-12-04 10:05:00,6073.0,tp,6089.5,6073.0,6081.0,6065.0,16.0,False,3,2024,5.5,0.0009048284938718434,55.0,5.0,0.0008225713580653121,50.0,4.5,0.000740314222258781,45.0,3.5,0.0005757999506457185,35.0
2024-12-06,WDO,M5,C1,long,2024-12-06 11:10:00,6031.0,2024-12-06 11:15:00,6034.75,tp,5998.5,6034.75,6045.0,6024.5,20.5,False,3,2024,3.75,0.0006217874316033825,37.5,3.25,0.0005388824407229315,32.5,2.75,0.00045597744984248053,27.5,1.75,0.0002901674680815785,17.5
2024-12-09,WDO,M5,C1,long,2024-12-09 11:00:00,6078.5,2024-12-09 11:40:00,6053.0,stop,6053.0,6085.0,6096.0,6074.0,22.0,False,3,2024,-25.5,-0.004195113926133092,-255.0,-26.0,-0.004277371061939623,-260.0,-26.5,-0.0043596281977461545,-265.0,-27.5,-0.0045241424693592165,-275.0
2024-12-10,WDO,M5,C1,short,2024-12-10 09:45:00,6069.0,2024-12-10 10:35:00,6050.75,tp,6083.5,6050.75,6072.0,6029.5,42.5,False,3,2024,18.25,0.003007085187015983,182.5,17.75,0.0029246992914812985,177.5,17.25,0.002842313395946614,172.5,16.25,0.002677541604877245,162.5
2024-12-16,WDO,M5,C1,short,2024-12-16 09:45:00,6063.0,2024-12-16 09:45:00,6076.25,tp,6107.0,6076.25,6091.5,6061.0,30.5,False,3,2024,-13.25,-0.002185386772224971,-132.5,-13.75,-0.002267854197591951,-137.5,-14.25,-0.0023503216229589312,-142.5,-15.25,-0.0025152564736928913,-152.5
2024-12-17,WDO,M5,C1,long,2024-12-17 10:00:00,6147.5,2024-12-17 10:00:00,6156.5,tp,6104.0,6156.5,6172.5,6140.5,32.0,False,3,2024,9.0,0.0014640097600650671,90.0,8.5,0.0013826758845058968,85.0,8.0,0.0013013420089467262,80.0,7.0,0.0011386742578283855,70.0
2024-12-18,WDO,M5,C1,short,2024-12-18 09:40:00,6140.0,2024-12-18 09:40:00,6145.0,stop,6145.0,6120.0,6140.0,6100.0,40.0,False,3,2024,-5.0,-0.0008143322475570033,-50.0,-5.5,-0.0008957654723127036,-55.0,-6.0,-0.000977198697068404,-60.0,-7.0,-0.0011400651465798045,-70.0
2024-12-19,WDO,M5,C1,short,2024-12-19 10:25:00,6250.0,2024-12-19 10:25:00,6254.75,tp,6308.5,6254.75,6268.5,6241.0,27.5,False,3,2024,-4.75,-0.00076,-47.5,-5.25,-0.00084,-52.5,-5.75,-0.00092,-57.5,-6.75,-0.00108,-67.5
2024-12-27,WDO,M5,C1,long,2024-12-27 10:10:00,6191.5,2024-12-27 10:15:00,6203.5,tp,6172.0,6203.5,6218.0,6189.0,29.0,False,3,2024,12.0,0.0019381409997577324,120.0,11.5,0.001857385124767827,115.0,11.0,0.0017766292497779213,110.0,10.0,0.0016151174997981103,100.0
2024-12-30,WDO,M5,C1,long,2024-12-30 09:35:00,6227.0,2024-12-30 09:40:00,6219.5,stop,6219.5,6240.0,6254.5,6225.5,29.0,False,3,2024,-7.5,-0.0012044323109041272,-75.0,-8.0,-0.0012847277982977357,-80.0,-8.5,-0.0013650232856913442,-85.0,-9.5,-0.001525614260478561,-95.0
