date,year,is_edt,T0,vol_pre,vol_post,vol_ratio,ret_pre,ret_post,vol_ratio_pb
2022-12-27,2022,False,2022-12-27 11:30:00,0.0005991548467460158,0.0009157290366222185,1.528367902881039,0.007148303469310058,-0.0013248793413457305,1.235964284019735
2022-12-28,2022,False,2022-12-28 11:30:00,0.00047425602501864156,0.0006493278893023683,1.3691505327251143,0.0008552694098640234,0.0006646410938093705,1.4603229516745067
2022-12-29,2022,False,2022-12-29 11:30:00,0.0008594126058433793,0.0008584656738061155,0.9988981636633844,-0.005411049933548462,0.005058700009544781,0.5416790818857613
2023-01-02,2023,False,2023-01-02 11:30:00,0.0009583504155869504,0.0005574381539181587,0.5816642272511048,0.0009302325581395099,0.00018587360594790603,3.3786169816674514
2023-01-03,2023,False,2023-01-03 11:30:00,0.0006626871826443762,0.0006482570656795953,0.9782248437230984,0.003807931642983098,0.005273871206513681,0.5317271658552599
2023-01-04,2023,False,2023-01-04 11:30:00,0.001263533413742875,0.0005769889659770951,0.45664717664087867,-9.109957183206507e-05,9.110787172006418e-05,1.4337523812245783
2023-01-05,2023,False,2023-01-05 11:30:00,0.000505440151035245,0.0011810066313743446,2.336590452807125,0.004339396177638344,-0.003125574554145971,1.5009302978822943
2023-01-06,2023,False,2023-01-06 11:30:00,0.0005494304332696228,0.000642855890070552,1.1700405568089134,-0.011627906976744207,-0.004611764705882315,1.0338103679624004
2023-01-09,2023,False,2023-01-09 11:30:00,0.0005486848328656313,0.0010962650309526145,1.9979867590418368,0.0070022710068129435,0.0007517383950386147,1.2679725611189863
2023-01-10,2023,False,2023-01-10 11:30:00,0.0013133407030031703,0.0003969918619204001,0.3022763712512775,-0.003988225239768273,0.0031461531127847664,0.4797717615990478
2023-01-11,2023,False,2023-01-11 11:30:00,0.0006859751928406932,0.0004950230308295814,0.7216340124190798,-0.003533231474407983,0.0007666506947772156,2.9115235856583284
2023-01-12,2023,False,2023-01-12 11:30:00,0.0012284474722576062,0.0014196045198851908,1.1556086458269816,-0.0034775888717155645,0.002617293524622033,0.482373757077352
2023-01-13,2023,False,2023-01-13 11:30:00,0.00047100312223223123,0.0009438892005155056,2.003997757046958,-0.001459285922755127,-0.0022408417770849454,0.553879867082458
2023-01-16,2023,False,2023-01-16 11:30:00,0.00066564741456319,0.0006322438247216011,0.9498178929103046,0.0020483808037456974,0.002141536065414229,1.0989334290360746
2023-01-17,2023,False,2023-01-17 11:30:00,0.0006819151093773734,0.0007953061423076243,1.1662832094067885,-0.0025228022511158965,-0.0030155642023346196,1.1145706671504438
2023-01-18,2023,False,2023-01-18 11:30:00,0.0008842797702673008,0.0006873914655193455,0.7773461393463296,-0.0034259984338292915,-9.822217856791937e-05,0.39447917141123073
2023-01-19,2023,False,2023-01-19 11:30:00,0.0007673250317825805,0.0009437774838650936,1.229957898900541,-0.004491161012900147,0.001823766557880635,0.7103257428264885
2023-01-20,2023,False,2023-01-20 11:30:00,0.0006523247222243919,0.00046241790148021655,0.7088768610568623,0.003359247528553544,-0.00181748612971111,1.2028779888458911
2023-01-23,2023,False,2023-01-23 11:30:00,0.0005589765710376319,0.0008471686227736567,1.5155708962918644,0.0001916259461531844,-0.005651882364211103,1.1629090063051177
2023-01-24,2023,False,2023-01-24 11:30:00,0.0008041479404440147,0.0012404285448859853,1.5425377377713307,-0.0059529524723955785,-0.0020283975659228792,1.1529711014722854
2023-01-25,2023,False,2023-01-25 11:30:00,0.00032516203954559747,0.0005369189351115041,1.6512349838309215,0.00029285435376813496,-0.0045867083048697355,0.9171183722241778
2023-01-26,2023,False,2023-01-26 11:30:00,0.000848928329360954,0.0008656687676225072,1.0197194953714819,-0.0016665032839917604,-0.0034367635506676875,1.0580194105264953
2023-01-27,2023,False,2023-01-27 11:30:00,0.000672958742735689,0.0004921326102669451,0.7312968522651839,-0.0018667714678718417,0.0005906093119401046,1.432415000884851
2023-01-30,2023,False,2023-01-30 11:30:00,0.0004575357388788559,0.0006381552804450482,1.3947659739297784,-0.003132648066568766,-0.00019640577432977757,0.9298736160023984
2023-01-31,2023,False,2023-01-31 11:30:00,0.0007489745431231154,0.0006193732959645093,0.8269617460986222,-0.006702933747814277,0.0009779951100243878,0.800288384885692
2023-02-01,2023,False,2023-02-01 11:30:00,0.0008191367713808831,0.0005233234128435941,0.6388718357270017,0.0017681728880156733,0.0,0.6185443442337804
2023-02-02,2023,False,2023-02-02 11:30:00,0.0006170721086438494,0.0010812059718119753,1.7521549858867569,-0.008425852498017417,0.002499250224932581,0.7600867103929307
2023-02-03,2023,False,2023-02-03 11:30:00,0.0011383492164507292,0.0012689970730443607,1.11476957572034,0.005582761998041086,0.0010713937859161415,1.3886479048203575
2023-02-06,2023,False,2023-02-06 11:30:00,0.0007697188138399887,0.0007850795173392674,1.0199562531447646,0.0013469309216855851,0.0037471176018446517,0.8741275848836577
2023-02-07,2023,False,2023-02-07 11:30:00,0.00046551859128988554,0.0012349749441775508,2.65290144643979,0.0041569992266048406,0.0053913545778376815,2.6188089442596407
2023-02-08,2023,False,2023-02-08 11:30:00,0.0007358650980056428,0.0007830762357123877,1.064157326981124,0.005494505494505475,0.002876042565429948,1.079805635724159
2023-02-09,2023,False,2023-02-09 11:30:00,0.001677931391664685,0.0015828823789399982,0.9433534570025607,0.0032479938861291746,0.0057131974861930335,0.9279813612497684
2023-02-10,2023,False,2023-02-10 11:30:00,0.0008718797156297605,0.0008388015713563882,0.9620611149905238,-0.004822239031770037,0.00095011876484552,1.0714996537934878
2023-02-13,2023,False,2023-02-13 11:30:00,0.0006392464348718985,0.0011383778866327725,1.7808122572649112,-0.0015341835267044246,-0.004801690194948582,0.613547990152566
2023-02-14,2023,False,2023-02-14 11:30:00,0.001435590770603845,0.0011748631354565053,0.818383037501926,0.0028043709505849446,-0.0034715525554483984,2.6313495211047675
2023-02-15,2023,False,2023-02-15 11:30:00,0.001244452587412496,0.0011980466229713678,0.9627097368670212,-0.0005751533742330839,0.002014195281028197,0.8599432136769227
2023-02-16,2023,False,2023-02-16 11:30:00,0.0007130742037460743,0.0007601885498218312,1.0660721504553743,0.005057251908396898,-0.0026583119718978088,0.27269171560046584
2023-02-17,2023,False,2023-02-17 11:30:00,0.00020762385492913613,0.0008466147041999254,4.077636957896203,-0.0036280313156387134,-0.0025871981602146876,0.39363708581968904
2023-02-23,2023,False,2023-02-23 11:30:00,0.0014936320476492404,0.0012522623628586544,0.8384008396375354,-0.005337214944201807,-0.0005853658536585371,0.6747333557028261
2023-02-24,2023,False,2023-02-24 11:30:00,0.0006753258785709241,0.0004973179073289313,0.7364117429963141,0.005032907471931969,0.001251926040061635,3.0590878285984258
2023-02-27,2023,False,2023-02-27 11:30:00,0.0012498315920184317,0.0004967904648405796,0.3974859237141553,0.00038498556304134013,-0.0014431402732345555,0.9057948557390708
2023-02-28,2023,False,2023-02-28 11:30:00,0.0007488353735762657,0.0008577545716991949,1.145451459648275,-0.0013329524897648382,-0.0009533797311469527,1.0599319856063105
2023-03-01,2023,False,2023-03-01 11:30:00,0.0007790487952610651,0.0012396658630013935,1.5912557346115557,0.00248470948012236,0.00028598665395618283,0.2570607857892458
2023-03-02,2023,False,2023-03-02 11:30:00,0.0004288679632109919,0.0007137889233018724,1.6643558962941392,0.004301691998852775,-0.0017133066818960652,0.8467480199928701
2023-03-03,2023,False,2023-03-03 11:30:00,0.0009875123903630063,0.0003972461632792412,0.40226954836811196,0.0030583962534644904,-0.0020962363030013753,1.063308960935954
2023-03-06,2023,False,2023-03-06 11:30:00,0.0005088802923694883,0.0005412702492136323,1.0636494620244132,0.001720676799541243,-0.004676018704074858,1.0765810284041992
2023-03-07,2023,False,2023-03-07 11:30:00,0.0005445826200985807,0.0006081051029750798,1.1166443447368926,0.0012499999999999734,0.0025929127052721768,0.847370677061714
2023-03-08,2023,False,2023-03-08 11:30:00,0.00037023353989059277,0.0006774558424115784,1.8298067825291369,-0.00643550091249645,-0.006767208043310102,1.0429236450753367
2023-03-09,2023,False,2023-03-09 11:30:00,0.0004537165809204158,0.0009221514498178133,2.0324393874852977,-0.0010666149520023316,0.0022325761987962434,0.715243587364301
2023-03-10,2023,False,2023-03-10 11:30:00,0.0007030621367254039,0.0008148159358347858,1.1589529477862208,0.004135012982017461,-0.007182532081976611,1.3051584410321402
2023-03-13,2023,True,2023-03-13 10:30:00,0.0009463216597670095,0.0010892057308187764,1.1509889048581492,0.00028444107329095303,-0.00417061611374403,1.088766624246671
2023-03-14,2023,True,2023-03-14 10:30:00,0.0006826213984369814,0.0012054230727016428,1.7658735507877954,-0.003231017770597755,0.0003813518924586923,1.0000693496338358
2023-03-15,2023,True,2023-03-15 10:30:00,0.0011167093462415845,0.0009268704280312642,0.8300014960479687,-0.0012227238525206463,0.0024484414728316306,1.0221075519430605
2023-03-16,2023,True,2023-03-16 10:30:00,0.0004554015648926731,0.0008491697420301425,1.8646614493524432,0.0010381275953190716,0.002828320920147176,0.6073573059380283
2023-03-17,2023,True,2023-03-17 10:30:00,0.0006484381202194744,0.0005528645329750947,0.852609548599593,0.0012346851552853533,0.003889205084424141,1.533294037001627
2023-03-20,2023,True,2023-03-20 10:30:00,0.0006963485240566077,0.0006020131019531435,0.8645284382109274,-0.005675368898978461,-0.00028538812785383616,1.1106764878573447
2023-03-21,2023,True,2023-03-21 10:30:00,0.00042815315622331723,0.0005072029676101061,1.1846297527830387,0.0008568164508757636,-0.0012365642537810473,1.561636611028323
2023-03-22,2023,True,2023-03-22 10:30:00,0.0002848687324857879,0.0009792039278153641,3.4373864736601676,9.493971328211614e-05,0.002658059616480024,0.9094579153594116
2023-03-23,2023,True,2023-03-23 10:30:00,0.0004126893930779622,0.0012840686148117841,3.1114650299946223,0.002480442663613802,0.0037114579368100475,2.911349981747227
2023-03-24,2023,True,2023-03-24 10:30:00,0.000687181512156132,0.0007664458189163467,1.1153469721726235,-0.003089598352214229,-0.005165289256198302,0.8335432889476025
2023-03-27,2023,True,2023-03-27 10:30:00,0.0005889039946382901,0.00038172657514253433,0.6481983118097103,0.0005726830199483945,-0.0014308881045502764,1.0774613705446368
2023-03-28,2023,True,2023-03-28 10:30:00,0.001091838786099512,0.0010973561859520253,1.0050533099966377,-0.0009656237929702716,-0.0011598685482312465,0.7722438668195492
2023-03-29,2023,True,2023-03-29 10:30:00,0.0006932853665530536,0.0008071504146200947,1.1642397972903522,-0.0002903319461917686,-0.002516940948693147,0.7860390133669107
2023-03-30,2023,True,2023-03-30 10:30:00,0.0012072711341357123,0.0010946029120078398,0.9066752952653573,0.002853768943121393,0.00951820233539391,2.643586376355668
2023-03-31,2023,True,2023-03-31 10:30:00,0.0005220650103539929,0.0011595994860155723,2.221178326487138,-0.0006854680767723886,-0.0014698677119059367,1.8971788119566535
2023-04-03,2023,True,2023-04-03 10:30:00,0.0007865424319651501,0.0005234661155749665,0.6655281321150136,0.004335402502709584,-0.00461100755420385,1.2962422249437575
2023-04-04,2023,True,2023-04-04 10:30:00,0.00029480812007250573,0.000359732144808463,1.2202246828207775,0.0018691588785046953,-0.00039277297721918014,2.0002692874643757
2023-04-05,2023,True,2023-04-05 10:30:00,0.00039392377498707426,0.0002958223938076913,0.7509635431814139,-0.002261553588987164,-0.0012811668473440285,1.1249963001355956
2023-04-06,2023,True,2023-04-06 10:30:00,0.0005074234881201992,0.0004911129396597732,0.9678561421725863,0.001970249236528332,-9.831874938548424e-05,0.6673783590446355
2023-04-10,2023,True,2023-04-10 10:30:00,0.00042471343351134044,0.000326616512212811,0.7690279761402694,0.004130605822187272,-0.001175318315377094,0.4741198119009168
2023-04-11,2023,True,2023-04-11 10:30:00,0.0013898275042742252,0.0008299244535442211,0.5971420561126481,-0.01025641025641022,-0.0009964129135113797,0.8239337430659254
2023-04-12,2023,True,2023-04-12 10:30:00,0.0009532492493732706,0.000956228947655143,1.003125833336697,-0.0025100401606426015,-0.007146451937594334,1.1054641300992607
2023-04-13,2023,True,2023-04-13 10:30:00,0.0009622172025198957,0.001083075152303381,1.1256036053678704,0.0009125012673629751,-0.002127228525121594,0.6336045716440736
2023-04-14,2023,True,2023-04-14 10:30:00,0.001145559946113502,0.0004701104636071392,0.41037613544543455,0.01057878140575741,0.0,0.4705384343826048
2023-04-17,2023,True,2023-04-17 10:30:00,0.0004724902136610809,0.0005727396087135314,1.2121724263359235,0.0035522175987008353,0.0021237864077670032,1.0928144894914378
2023-04-18,2023,True,2023-04-18 10:30:00,0.0013929220297486482,0.0006519598351063342,0.468051923354231,0.011755168220510814,-0.002804487179487225,0.3200338049676765
2023-04-19,2023,True,2023-04-19 10:30:00,0.0005620023139721689,0.0009897134809107588,1.7610487649340367,0.004582129694192583,9.915716410513475e-05,1.0852901211483943
2023-04-20,2023,True,2023-04-20 10:30:00,0.0009540361893529692,0.00041097068336827985,0.4307705388482188,-0.0006899950714637226,-0.0028605247583349813,0.7225655683564554
2023-04-24,2023,True,2023-04-24 10:30:00,0.0007903484276717276,0.0012316896105544946,1.5584134382134542,-0.0010850266324718971,0.00236990224153244,1.7694143887689266
2023-04-25,2023,True,2023-04-25 10:30:00,0.0008268038338647051,0.0011191600535581103,1.3535980455325818,-0.0027629761199921,0.0027706313081337086,0.9665364662571567
2023-04-26,2023,True,2023-04-26 10:30:00,0.00036190114772973364,0.00027952363658093987,0.7723756565416782,0.001779887273805958,-0.0022702595992498686,1.4603632231556398
2023-04-27,2023,True,2023-04-27 10:30:00,0.00112682077752894,0.00048156995519627044,0.4273704965330232,-0.002880985495728239,0.000797050911627073,1.0013433374185077
2023-04-28,2023,True,2023-04-28 10:30:00,0.0012925681384930443,0.0003811657706643268,0.29489027256134703,-0.0029747149231531544,-0.00029835902536046177,0.6574033081445522
2023-05-02,2023,True,2023-05-02 10:30:00,0.0005444158734534965,0.0006434880716398861,1.1819788933741517,0.0003966679888933733,0.005253766851704977,0.5180290625671824
2023-05-03,2023,True,2023-05-03 10:30:00,0.0008209782809795266,0.0004114609460404243,0.5011837165162293,-0.000592066311426831,-0.00414691943127965,1.3219925216578705
2023-05-04,2023,True,2023-05-04 10:30:00,0.0010794270162372739,0.0011428822393050875,1.058786024541992,0.004294846184578427,0.00616608652411732,1.0887069961463656
2023-05-05,2023,True,2023-05-05 10:30:00,0.001131915371222832,0.0007497339504416445,0.662358661700734,-0.0028898854010961372,-0.004397361583050152,0.8575458113144255
2023-05-08,2023,True,2023-05-08 10:30:00,0.0006022721161133004,0.0009200524551171337,1.527635815276648,-0.0012038523274477964,0.0023101647247891766,1.6669067871788097
2023-05-09,2023,True,2023-05-09 10:30:00,0.0005608623118432687,0.0009430871676908333,1.6814949904396075,0.0033803937164447184,-0.004062623860483505,0.8639868877125588
2023-05-10,2023,True,2023-05-10 10:30:00,0.0006203774290893804,0.001005409448385693,1.6206415663146885,-0.006502601040416112,0.0026180646460578494,1.441830825415254
2023-05-11,2023,True,2023-05-11 10:30:00,0.0004835820877079344,0.0005668451265594306,1.17217974149155,0.003917235837685773,0.0002001000500249095,0.6777016380441501
2023-05-12,2023,True,2023-05-12 10:30:00,0.0005728144861502452,0.000859989857774357,1.5013409726317355,-0.006134352373290408,-0.0003035515531720767,0.6501635974387031
2023-05-15,2023,True,2023-05-15 10:30:00,0.0004905669396063258,0.0006745935992193234,1.3751305780219858,0.0025391021734715302,-0.000709148009320204,1.1106477759372297
2023-05-16,2023,True,2023-05-16 10:30:00,0.0005583791426652107,0.0007801226668294007,1.397119998261005,-0.0004067520846043893,-0.0008138351983723036,1.2952766747004472
2023-05-17,2023,True,2023-05-17 10:30:00,0.0009583865993894602,0.0008568232393923828,0.8940267319453565,-0.0018126888217522286,0.0009079903147699575,2.0904392801417346
2023-05-18,2023,True,2023-05-18 10:30:00,0.0005189690512710047,0.00043544877579691316,0.83906501694168,0.00010055304172951196,0.0006032575909913351,0.8668283487104831
2023-05-19,2023,True,2023-05-19 10:30:00,0.00106831282419112,0.0004493942305771048,0.4206579013196501,0.006940253470126834,-0.0012985715712715562,1.9349565199359915
2023-05-22,2023,True,2023-05-22 10:30:00,0.0005677873422840948,0.0006027444989326799,1.0615673405256967,-0.002102523027633141,-0.0009029798334503347,1.001255415060344
2023-05-23,2023,True,2023-05-23 10:30:00,0.0007516667137344816,0.0006855276687357525,0.9120101452010126,-0.0024050506062731625,-0.0014063284781516971,1.180689282731548
2023-05-24,2023,True,2023-05-24 10:30:00,0.0005728860216516566,0.0005383572726531116,0.9397284142158033,-0.00020204061016260155,0.0022228958270182897,1.3577350152926775
2023-05-25,2023,True,2023-05-25 10:30:00,0.0005844991733971275,0.0005339559798510826,0.9135273481187555,0.0025105442860011706,0.004207152158669736,1.1908508576431032
2023-05-26,2023,True,2023-05-26 10:30:00,0.0010138259206127949,0.0005975023619853396,0.589354000363481,0.0010959450034870866,-0.0030851910828025852,1.2087913287046417
2023-05-29,2023,True,2023-05-29 10:30:00,0.000601946539076544,0.00063475347445661,1.0545014104249117,-0.002801400700350176,0.002909601685562313,1.1748704211947314
2023-05-30,2023,True,2023-05-30 10:30:00,0.0003960561060959063,0.0012694044489843237,3.205112683395754,0.005265772478887154,-0.0004941688080648543,1.4468070031872182
2023-05-31,2023,True,2023-05-31 10:30:00,0.0007682787855411063,0.0006539941060462554,0.8512458216396551,-0.0003925031890884556,0.0042210660645920495,0.3707319052187943
2023-06-01,2023,True,2023-06-01 10:30:00,0.0008039953805842696,0.0008384544245161515,1.0428597536304751,0.00029591635431058805,0.0,1.0528574952095078
2023-06-02,2023,True,2023-06-02 10:30:00,0.0004848280290442782,0.0006522495684514648,1.3453214941743732,-0.007179896290386956,0.0018079550020089208,1.1535750289357418
2023-06-05,2023,True,2023-06-05 10:30:00,0.0003021182225913521,0.0006883923652036642,2.278552942947735,-0.0005033219247030374,-0.0013092960016114485,1.4000162363269275
2023-06-06,2023,True,2023-06-06 10:30:00,0.0006877856592804784,0.0005697115521044646,0.8283271749231641,0.002318081032050001,-0.004323780794369014,0.44418542996823557
2023-06-07,2023,True,2023-06-07 10:30:00,0.0006592037100648188,0.0006422421412124643,0.9742696095404458,-0.003438163616139134,0.0020294266869609334,0.5878340735401658
2023-06-09,2023,True,2023-06-09 10:30:00,0.0005580737022252702,0.0003385212232917915,0.6065887389819081,-0.0009126863401277552,-0.007815671944782832,0.8177855448654894
2023-06-12,2023,True,2023-06-12 10:30:00,0.0004765170837908543,0.0009527023928008749,1.9993037505010434,-0.003668229060525774,0.004806708938433157,1.1817013829917276
2023-06-13,2023,True,2023-06-13 10:30:00,0.00035938517764542527,0.0005643501063703852,1.5703210412511261,-0.001845396760303486,0.0016433853738702098,2.0971489232860585
2023-06-14,2023,True,2023-06-14 10:30:00,0.0005135457219978176,0.0005309070981259767,1.0338068751904292,-0.0003079765937789025,-0.0019511193263503923,1.110939552783558
2023-06-15,2023,True,2023-06-15 10:30:00,0.0008256174808076536,0.000706886811758678,0.8561916725251162,-0.004021862431679901,-0.001346034375647176,0.6257841613116459
2023-06-16,2023,True,2023-06-16 10:30:00,0.000790520531729307,0.0006014106992243695,0.760778088721808,0.0040330920372284584,-0.004840869296529049,0.9170032548763963
2023-06-19,2023,True,2023-06-19 10:30:00,0.0006764547891370265,0.00022593523390194528,0.3339990159433679,-0.004462895692786684,-0.0002085070892410279,0.1724129786250396
2023-06-20,2023,True,2023-06-20 10:30:00,0.00048630487709065234,0.0006251522523095613,1.2855150786263374,0.0013572770933389933,0.0014597018037743048,0.30632358782480523
2023-06-21,2023,True,2023-06-21 10:30:00,0.0006237997582205038,0.0009726444340810344,1.5592254104997894,-0.0031142946122703075,-0.0037488284910964786,0.7692313750796059
2023-06-22,2023,True,2023-06-22 10:30:00,0.0008729326278336669,0.0005579714390795409,0.6391918703557266,0.0018873859704309215,0.0012558869701726483,1.2161112537500762
2023-06-23,2023,True,2023-06-23 10:30:00,0.0006080465706117718,0.0006773158282499433,1.1139209741261724,0.001146310962901298,-0.0018736338086812188,0.6669254692493967
2023-06-26,2023,True,2023-06-26 10:30:00,0.0005066882810977705,0.0005592495300580369,1.1037348818219936,-0.0023014959723820505,0.0008388382090804836,0.15986515094729598
2023-06-27,2023,True,2023-06-27 10:30:00,0.00029749596491311187,0.0012744977354475033,4.284084107896184,0.00021001785151741892,0.005354330708661426,1.2217914713299984
2023-06-28,2023,True,2023-06-28 10:30:00,0.0005482598192650031,0.0003089333420014199,0.5634798158573353,0.001133903721265872,0.00020593080724884416,1.1000693588925685
2023-06-29,2023,True,2023-06-29 10:30:00,0.0006343995097391845,0.0005141389583896797,0.8104340411628841,0.005376900010340302,0.001234186979327312,3.2690840325637693
2023-06-30,2023,True,2023-06-30 10:30:00,0.0004808342079753447,0.0008928557911170679,1.8568890821570874,-0.0024668516805427254,-0.0014425553838227634,1.042152013720881
2023-07-03,2023,True,2023-07-03 10:30:00,0.0006582068538714866,0.0004684608871760032,0.711722894437482,0.002503390007301487,-0.002184996358339353,0.799843657938452
2023-07-04,2023,True,2023-07-04 10:30:00,0.0005018698569945376,0.0005018840972435176,1.0000283743858722,0.00010384215991687817,0.0030111099574290368,2.935054038174024
2023-07-05,2023,True,2023-07-05 10:30:00,0.0005303094304969225,0.0008893530454524198,1.677045502696526,-0.0018433179723502668,0.000615574022776233,2.7681744684416967
2023-07-06,2023,True,2023-07-06 10:30:00,0.0006623023142166377,0.0009017017398052496,1.3614654825293346,0.00010196798205353019,0.003058727569331232,1.2014412087261002
2023-07-07,2023,True,2023-07-07 10:30:00,0.0008629172678063882,0.0009850133155684764,1.1414921827586868,-0.00666666666666671,-0.006914785438275395,0.9299235291270816
2023-07-10,2023,True,2023-07-10 10:30:00,0.0006822686926067356,0.0007161231591022629,1.0496204308689292,-0.0019403594771242316,0.003581295405709506,2.3855088484394513
2023-07-11,2023,True,2023-07-11 10:30:00,0.000829965601893079,0.0010488703734743605,1.2637516194429972,-0.0022296544035674826,-0.0009141696292533918,0.7788701789035023
2023-07-12,2023,True,2023-07-12 10:30:00,0.00044920052321073545,0.0008295477190496577,1.846720286789355,-0.0078092889436909285,-0.00031068765534381093,0.8846587491491676
2023-07-13,2023,True,2023-07-13 10:30:00,0.0008123681319056053,0.00048395247254118257,0.5957304989376618,-0.0007255389718076044,0.00207447360232349,1.2076284157998194
2023-07-14,2023,True,2023-07-14 10:30:00,0.0007469912774793844,0.0008139223762863209,1.089600910780091,-0.0006240898689411356,0.002810158201498769,2.5377356141883207
2023-07-17,2023,True,2023-07-17 10:30:00,0.0005856986351890544,0.0007899206293538094,1.348681014253747,0.0044559585492227605,0.0026823480862478988,1.8258723746919117
2023-07-18,2023,True,2023-07-18 10:30:00,0.0007257936811151944,0.0011571591561999606,1.5943362229634817,0.001037129226301614,-0.0005180273518441414,1.7695757625293964
2023-07-19,2023,True,2023-07-19 10:30:00,0.0004323811807368146,0.0007802920173852387,1.8046391752193152,-0.0012448132780082943,-0.002388865808059859,0.7510126447589113
2023-07-20,2023,True,2023-07-20 10:30:00,0.00078229565639835,0.000748391823889231,0.9566611009126517,-0.00457618304732188,0.003343433288057751,2.275123569874855
2023-07-21,2023,True,2023-07-21 10:30:00,0.0007492075540906177,0.0008546754460626582,1.1407725955193506,-0.002818371607515635,0.000837433267036447,1.5712077029576481
2023-07-24,2023,True,2023-07-24 10:30:00,0.00034971584797014826,0.0009432870383197697,2.6972956581604177,0.0006291946308725205,-0.0018863969817648485,0.6871874133854706
2023-07-25,2023,True,2023-07-25 10:30:00,0.0009634377524324796,0.0005790657418473696,0.6010411574441101,0.001897933361450832,-0.0023153020416754044,1.528793324618232
2023-07-26,2023,True,2023-07-26 10:30:00,0.0005448645662181062,0.0005275877193739639,0.9682914839479092,-0.0031539108494532675,-0.0009491668424382871,1.9972676704286536
2023-07-27,2023,True,2023-07-27 10:30:00,0.0007058487782181655,0.0010927198581253128,1.5480934328224796,0.0006351894982004058,-0.00021159542953874677,2.748981682329055
2023-07-28,2023,True,2023-07-28 10:30:00,0.0011297683393831082,0.0008459925231869558,0.7488194647487612,0.0035054174633524227,-0.0005292685508626604,2.355971519006321
2023-07-31,2023,True,2023-07-31 10:30:00,0.0006831879061894494,0.0006468264005177379,0.9467767134893802,0.0036842105263157343,-0.00010487676979553662,1.9023678492662717
2023-08-01,2023,True,2023-08-01 10:30:00,0.0005211755914047248,0.0005381261054221986,1.032523614491974,0.003971156860695935,-0.00010409076714890109,0.8232914307285525
2023-08-02,2023,True,2023-08-02 10:30:00,0.0005877730902396997,0.0007430453132926859,1.2641703501425432,0.001143213469133153,0.0038409633551332867,0.42470137733395974
2023-08-03,2023,True,2023-08-03 10:30:00,0.0010550161951539683,0.0005604812590675837,0.5312537017365762,0.0045045045045044585,0.001834488381573518,1.1736633405331796
2023-08-04,2023,True,2023-08-04 10:30:00,0.000766386025700172,0.0006312977540259649,0.8237333835115402,-0.011550151975683876,0.0009225092250921829,1.2943184111958768
2023-08-07,2023,True,2023-08-07 10:30:00,0.0007290182083700136,0.0007776301269152667,1.06668135032449,0.0020347949944043986,0.00030459945172101044,0.5654553127194578
2023-08-08,2023,True,2023-08-08 10:30:00,0.00045522680889270584,0.0005733876236275933,1.2595647102206085,-0.0039358159249167635,0.0018237082066869803,0.9485400379167074
2023-08-09,2023,True,2023-08-09 10:30:00,0.0007290025237033926,0.001288593503777154,1.7676118557601055,-0.00020370747606435202,0.0031581092094539187,0.8365091171282066
2023-08-10,2023,True,2023-08-10 10:30:00,0.00047769285646106124,0.0007339811292759735,1.536512676186112,-0.00173504796897328,-0.004498517533994439,2.26312567159482
2023-08-11,2023,True,2023-08-11 10:30:00,0.0004743787617889443,0.0002880747485644042,0.6072673816130315,0.005107252298263587,-0.002642276422764267,0.6663573048755258
2023-08-14,2023,True,2023-08-14 10:30:00,0.0005885435015752968,0.0005363102845065693,0.9112500317666918,0.003941782898726487,0.000302023557837483,1.237226247907687
2023-08-15,2023,True,2023-08-15 10:30:00,0.001019232339152872,0.000682644469076991,0.6697633531176672,0.0014021031547319929,0.0005000500050005297,1.0917807275960687
2023-08-16,2023,True,2023-08-16 10:30:00,0.0005333435637302301,0.0005836221670423117,1.0942705729125721,0.002806173581880067,-0.001698980611632983,1.3681345920189065
2023-08-17,2023,True,2023-08-17 10:30:00,0.0005514811804684198,0.0005688183107185699,1.0314373923611033,-0.0013033888109084124,0.0037144864973395197,1.605959368616468
2023-08-18,2023,True,2023-08-18 10:30:00,0.0004996287555951717,0.0008163049600911632,1.6338230154882858,0.0011988011988011138,-0.004989024146876853,1.2493725307684127
2023-08-21,2023,True,2023-08-21 10:30:00,0.0005347141018772206,0.0005167235504417814,0.9663548214414399,0.0024084295032613667,0.0020022024226649116,0.42855436101801464
2023-08-22,2023,True,2023-08-22 10:30:00,0.0006375717608487578,0.0006383094195717698,1.0011569814855508,-0.0009068923821039521,-0.0023197175995965935,1.2783033640742436
2023-08-23,2023,True,2023-08-23 10:30:00,0.000675228983906225,0.0008636677220706749,1.2790738292576316,-0.0031360647445625167,-0.005480008118530555,0.5333511142158697
2023-08-24,2023,True,2023-08-24 10:30:00,0.0003412364135252736,0.0007340036953545903,2.1510122198615433,0.0019479188025426364,-0.0019441317916709666,1.6000973196601285
2023-08-25,2023,True,2023-08-25 10:30:00,0.0006493432588451734,0.000681881560007036,1.050109554105067,0.0008197561225535832,0.0027644107709634547,1.5821194972774368
2023-08-28,2023,True,2023-08-28 10:30:00,0.0006134226757758913,0.0008848454141256087,1.4424726197257165,0.0024575056317837074,0.0005107252298264253,1.1667476032794557
2023-08-29,2023,True,2023-08-29 10:30:00,0.000784187094148329,0.0005441728056759058,0.6939323660597958,0.00010206164523363093,-0.007347688539646957,1.713062392274866
2023-08-30,2023,True,2023-08-30 10:30:00,0.0008063577038160408,0.0009420318219620453,1.1682554993942944,0.00123507616302998,0.00328947368421062,0.5808492329082726
2023-08-31,2023,True,2023-08-31 10:30:00,0.001220710631115988,0.00045567423660092254,0.37328603928380616,0.008071107478545114,0.006688963210702337,2.5680770504011097
2023-09-01,2023,True,2023-09-01 10:30:00,0.0011828005729040785,0.0009464609473251451,0.8001864126607082,-0.004750833922975817,0.005179768433881682,0.9446275947272458
2023-09-04,2023,True,2023-09-04 10:30:00,0.0007407996839301675,0.00027000123487201194,0.36447266478243256,-0.002424732269145302,0.0009114847073121712,1.0940152814382187
2023-09-05,2023,True,2023-09-05 10:30:00,0.0006346116221061515,0.00023363541744027735,0.36815496171483153,0.001103088648215067,0.000500851447460704,0.9551166848473216
2023-09-06,2023,True,2023-09-06 10:30:00,0.00034946927268292294,0.0008510317453508387,2.435211939571547,-0.0009982032341784297,-0.003197442046362964,1.8468950198816791
2023-09-08,2023,True,2023-09-08 10:30:00,0.0003001000503581504,0.0005162688507518628,1.7203224395854937,0.002204850671477354,9.999999999998899e-05,1.263264287208
2023-09-11,2023,True,2023-09-11 10:30:00,0.0006721133698939785,0.00040390784622249914,0.6009519588729696,-0.004725992961287062,0.00030309153364305175,1.4276684302415112
2023-09-12,2023,True,2023-09-12 10:30:00,0.0007544785566386455,0.0008211029557592305,1.0883052255552632,0.004133897963298994,-0.0017069986946480764,1.2227704566839463
2023-09-13,2023,True,2023-09-13 10:30:00,0.0005219842812151007,0.0008261745093579206,1.5827574490072975,-0.003925515853044792,-0.00535569927243329,0.9160449426351196
2023-09-14,2023,True,2023-09-14 10:30:00,0.0007492016592801817,0.0006303402044932627,0.8413491837416394,-0.003156180004072473,-0.00030640384026148215,2.815729198441329
2023-09-15,2023,True,2023-09-15 10:30:00,0.0009396385749247024,0.0006665216639387128,0.7093383368090485,-0.002252713495801806,0.00041050903119876914,1.3756937873555775
2023-09-18,2023,True,2023-09-18 10:30:00,0.0003426201165809273,0.0004796781532496001,1.4000291577634192,-0.0015406737880032662,0.0008229606007612578,2.2857564332688516
2023-09-19,2023,True,2023-09-19 10:30:00,0.0006341030309365836,0.0002744066740818692,0.4327477723558027,0.00020574015019025893,0.001234186979327312,1.8896517558419876
2023-09-20,2023,True,2023-09-20 10:30:00,0.0004119659796808506,0.00022324024917536045,0.5418900107924065,-0.0011316872427983293,0.0005149860953754803,0.46079735035973274
2023-09-21,2023,True,2023-09-21 10:30:00,0.0005574240812628584,0.0007433142158480011,1.3334806314144232,0.0013204672422548747,-0.0008115236356258659,1.5628637716471996
2023-09-22,2023,True,2023-09-22 10:30:00,0.0005418300105991906,0.0006760641190365716,1.2477421069551617,0.001523770824867876,-0.0015214524799674889,0.65215089067022
2023-09-25,2023,True,2023-09-25 10:30:00,0.00028577592616191305,0.0004029076977822288,1.4098727740766799,0.0032346103305367357,0.0,0.5245127081454736
2023-09-26,2023,True,2023-09-26 10:30:00,0.0007049625262954828,0.0005028397595839654,0.7132858000642175,0.0023166800966962775,-0.0016078786051653138,3.6654079679153457
2023-09-27,2023,True,2023-09-27 10:30:00,0.0007491832659003994,0.0006819381360944066,0.9102420824560532,-0.0014961101137043187,0.002896813505144369,0.7270295009994364
2023-09-28,2023,True,2023-09-28 10:30:00,0.0007581723141577937,0.000889253959702907,1.1728916277966752,0.003172714653975728,-0.0011860051393556281,1.3336315782149488
2023-09-29,2023,True,2023-09-29 10:30:00,0.0006968180983749998,0.0005792982922988207,0.8313479423823251,0.0009949258780221903,0.0025842361594274887,0.7037533540781722
2023-10-02,2023,True,2023-10-02 10:30:00,0.0007879885226110458,0.0005253790327117702,0.6667343719308199,0.0031614305473226523,0.000689383494189455,0.517488554239008
2023-10-03,2023,True,2023-10-03 10:30:00,0.0005550643880629647,0.0005391105271153421,0.9712576391303044,0.0016671570069628494,0.003916193459956974,1.4994447148068113
2023-10-04,2023,True,2023-10-04 10:30:00,0.0006786869900048028,0.0006124429628184639,0.9023938455253575,0.0016468080984211042,0.0037717601547389012,0.7703727395882205
2023-10-05,2023,True,2023-10-05 10:30:00,0.000209204509389845,0.0004665971307149149,2.230339738257879,-0.002696715785418524,0.0005794302269435114,0.3828757400223556
2023-10-06,2023,True,2023-10-06 10:30:00,0.0010369433273589117,0.0009573109904083185,0.9232047356402627,0.0068453528731200475,-0.002106674327300606,0.6542802562957962
2023-10-09,2023,True,2023-10-09 10:30:00,0.0004663703975432883,0.00038630867163260324,0.8283301720425903,0.0014503964416940907,0.00038621222361689966,4.7798537925853815
2023-10-10,2023,True,2023-10-10 10:30:00,0.0007320602115009808,0.00030958213016176367,0.42289162188860324,-0.004187360015580843,-0.004987287306864818,0.8183438208205419
2023-10-11,2023,True,2023-10-11 10:30:00,0.0006432501084926989,0.0005923391809444974,0.9208536044129103,0.000988630746416197,0.0007901234567901927,1.1838437276509945
2023-10-13,2023,True,2023-10-13 10:30:00,0.0004603534591324232,0.0007723888452979185,1.6778169686257025,0.0,0.0004926108374383453,0.3542359174579327
2023-10-16,2023,True,2023-10-16 10:30:00,0.0003938882779582949,0.0009192397238866704,2.3337575026388575,-0.0006887730000983971,-0.0026585269791256083,1.683852065029688
2023-10-17,2023,True,2023-10-17 10:30:00,0.0002300258970513077,0.0004436331258271438,1.928622522568364,0.006445215666831983,-0.004433497536945774,1.8787802577424957
2023-10-18,2023,True,2023-10-18 10:30:00,0.0006770158941163765,0.0004120518096631942,0.6086294476158399,0.0017848289538919815,0.0026724735227159346,0.7026676845495927
2023-10-19,2023,True,2023-10-19 10:30:00,0.000591256139131117,0.0002628261643120207,0.4445216665289227,0.0013809429867823741,-0.0007880220646178104,0.9670739879573603
2023-10-20,2023,True,2023-10-20 10:30:00,0.0005907167887185446,0.000707041257556588,1.1969208782611185,-0.005006380681260469,-0.0010852407261247032,1.195341443333882
2023-10-23,2023,True,2023-10-23 10:30:00,0.0004302932084284487,0.0010916914554348807,2.53708734893131,-0.002279484638255669,-0.003377371610211566,0.8224367427363065
2023-10-24,2023,True,2023-10-24 10:30:00,0.0007129710053386437,0.0006646396472681689,0.9322113273771652,-0.0008960573476702871,-0.004583956153462854,1.1584191453438504
2023-10-25,2023,True,2023-10-25 10:30:00,0.0002835001818916605,0.0006668756732151985,2.3522936344007173,0.0,0.004607371794871806,0.6404143456742749
2023-10-26,2023,True,2023-10-26 10:30:00,0.0005833802577501213,0.0006158096211134056,1.0555887226769591,-9.981036031536661e-05,0.00039928129367128307,0.615713221996406
2023-10-27,2023,True,2023-10-27 10:30:00,0.0013974321127795026,0.0005226845326574506,0.3740321464474058,-0.007836045810729386,0.0019238558120697746,0.5062966123508597
2023-10-30,2023,True,2023-10-30 10:30:00,0.0005176688455883482,0.0003678489278762613,0.7105873397851254,-0.0036000000000000476,0.00441589723002811,1.4767759159334806
2023-10-31,2023,True,2023-10-31 10:30:00,0.0011664286585664578,0.0006406807738100392,0.5492670032622797,0.006541129831516335,-0.001969279243796751,0.5340685101918253
2023-11-01,2023,True,2023-11-01 10:30:00,0.0004946758491824096,0.0006284531887735071,1.270434345667374,-0.0020775623268698418,-0.002478437592941418,1.1051069175208241
2023-11-03,2023,True,2023-11-03 10:30:00,0.0008309050323640673,0.0005432792113529983,0.6538403189198118,-0.004759493670886128,-0.00010175010175006438,1.0671111742438717
2023-11-06,2023,False,2023-11-06 11:30:00,0.0007291272332016948,0.0007289851563049473,0.9998051411464586,0.0012222448563863342,0.00040691759918609627,0.8233461254403198
2023-11-07,2023,False,2023-11-07 11:30:00,0.0004783997274343717,0.0005291829275984224,1.1061522347355797,-0.00265848670756641,0.00041008816895637956,0.44961657347609
2023-11-08,2023,False,2023-11-08 11:30:00,0.00037430946872457627,0.00046033905995150154,1.229835466145334,-0.002243753187149422,0.0005110906674843374,0.598695564261162
2023-11-09,2023,False,2023-11-09 11:30:00,0.0004577083141409736,0.0006446749009774155,1.4084841394837684,-0.001625355546525764,-0.00010175010175006438,1.103498147776706
2023-11-10,2023,False,2023-11-10 11:30:00,0.0003549456446337307,0.0005404624409978501,1.5226625517705807,-0.002124001213715032,0.0012162983985404274,1.5830114973730072
2023-11-13,2023,False,2023-11-13 11:30:00,0.00016846418705264896,0.0004212721010815416,2.500662653896192,0.0034503754820378596,-0.002528317152103554,0.49967976786956003
2023-11-14,2023,False,2023-11-14 11:30:00,0.0008907556177248551,0.0004456028824129839,0.5002526771047835,-0.009570352270413363,0.0009251644736842923,1.6663819184401163
2023-11-16,2023,False,2023-11-16 11:30:00,0.0005491990300457994,0.0006857604048295385,1.2486555279829077,0.0003083881578946901,-0.0005138218065974254,0.6551493503361396
2023-11-17,2023,False,2023-11-17 11:30:00,0.0005786325779833698,0.000374087259883434,0.646502243595046,0.005124525981346828,-0.00020393596410728243,0.6159370407322969
2023-11-20,2023,False,2023-11-20 11:30:00,0.00040984138028893335,0.0005126141162438147,1.2507622238692144,-0.0048914704983185064,-0.0031746031746031633,0.8888749608961358
2023-11-21,2023,False,2023-11-21 11:30:00,0.0003414724281147567,0.0003588534867288347,1.0509003280588056,0.0024673588979129413,0.003281714695928528,1.1810146834875292
2023-11-22,2023,False,2023-11-22 11:30:00,0.0004255332349287026,0.0004935465177045387,1.1598307187151473,0.0008175779253960513,0.0002042275094455981,2.8181947683001964
2023-11-23,2023,False,2023-11-23 11:30:00,0.0007647964606847987,0.00023831238372618024,0.31160236216678533,0.0013289715804538638,-0.000612557427258853,0.8889493395220565
2023-11-24,2023,False,2023-11-24 11:30:00,0.0005782696205561452,0.0002893102537188663,0.5003033938401,-0.00040803835560543344,-0.0013266659863251373,0.7395291223575882
2023-11-27,2023,False,2023-11-27 11:30:00,0.00047820003188346155,0.0005961980837175437,1.2467545879688242,-0.0033659730722154224,0.00675468222290454,0.8856154998950754
2023-11-28,2023,False,2023-11-28 11:30:00,0.0004248596991127303,0.000647300105753886,1.5235620302553912,0.0016363264471261907,-0.005105166428425512,1.1489694370512624
2023-11-29,2023,False,2023-11-29 11:30:00,0.00037419483522623437,0.0006982982025663756,1.8661353306605413,0.005232916068130589,-0.0031642339491680938,1.6445019825025877
2023-11-30,2023,False,2023-11-30 11:30:00,0.0006066429141541319,0.0005551581345163056,0.9151316558116999,0.0017204736362717021,-0.0016164881794301644,1.539173009636728
2023-12-01,2023,False,2023-12-01 11:30:00,0.00038738065990800985,0.0005056824708275879,1.305389047939747,0.0042613636363635354,-0.006465952717720769,1.0010351891139446
2023-12-04,2023,False,2023-12-04 11:30:00,0.0005586889174683715,0.000152208720554603,0.27243912631078787,0.0049964311206280865,0.0017248376623375528,1.4422605162226656
2023-12-05,2023,False,2023-12-05 11:30:00,0.00026842321784522244,0.0003356003425324013,1.2502657006590032,-0.0012065151819826703,-0.0005033219247030374,0.8624574259951244
2023-12-06,2023,False,2023-12-06 11:30:00,0.0005601043791318613,0.00034000946010503963,0.6070466019780818,-0.005177664974619245,0.0010205122971731484,1.0827359424623002
2023-12-07,2023,False,2023-12-07 11:30:00,0.0006461807709198427,0.0006270820858542877,0.9704437427960477,-0.0019310905579835724,0.0014256619144603633,1.2225646773043786
2023-12-08,2023,False,2023-12-08 11:30:00,0.0005064473733615108,0.0007603572308488663,1.501354870896152,0.006625216593619365,-0.003948967193195596,0.8834742449342308
2023-12-11,2023,False,2023-12-11 11:30:00,0.0002689816344406311,0.0003864079011431376,1.43655867786923,0.001109653989710413,-0.0002015316404675449,0.916475202361391
2023-12-12,2023,False,2023-12-12 11:30:00,0.0006401374376152255,0.0005044224732031107,0.7879908962711061,0.003953370501774023,0.0024232633279483995,1.4605458005212317
2023-12-13,2023,False,2023-12-13 11:30:00,0.0003189632807246527,0.0004363509463523411,1.368028775478467,0.002826569755703723,-0.001912623313871542,2.215381426338283
2023-12-14,2023,False,2023-12-14 11:30:00,0.0004076433921657389,0.0009533618420913456,2.3387153095412607,0.0019401613397325157,-0.001732572360375051,0.5791659738726689
2023-12-15,2023,False,2023-12-15 11:30:00,0.0007431542053263166,0.0005747196087720711,0.77335175479457,0.0005074081591232016,0.0019271731412922044,0.7917267412438473
2023-12-18,2023,False,2023-12-18 11:30:00,0.0008094936214163573,0.0006075779433750891,0.7505654489432791,-0.0026267932915740033,0.0004051863857374993,0.6302983879807256
2023-12-19,2023,False,2023-12-19 11:30:00,0.00022267196148615756,0.0003425197943227043,1.5382259716789584,-0.0018450184501844769,-0.00030807147258160583,0.8570988356480751
2023-12-20,2023,False,2023-12-20 11:30:00,0.0004449641458151669,0.0004788957014535966,1.0762568309324512,0.002470406587750995,0.00102679946606421,0.4734782041053427
2023-12-21,2023,False,2023-12-21 11:30:00,0.0005295466625886055,0.00046182625990435583,0.8721162695026551,-0.00459605760392201,0.0013338805663862807,0.6415672234494244
2023-12-22,2023,False,2023-12-22 11:30:00,0.00034258310788185903,0.00017131091705624435,0.5000565209284094,-0.003381840541094472,-0.00030848329048838163,0.7704832677302339
2023-12-26,2023,False,2023-12-26 11:30:00,0.0003790709415827746,0.00024110911832925241,0.6360527592078787,-0.0012382623052316077,-0.0021696456245480222,0.7143569114494697
2023-12-27,2023,False,2023-12-27 11:30:00,0.00031066802449516057,0.00018995768077042138,0.6114490896805521,0.002700457000415435,-0.00041433602651752555,0.6671357717025802
2023-12-28,2023,False,2023-12-28 11:30:00,0.0004624572546594874,0.0006866378360031086,1.4847595730954375,0.0006177924217463104,-0.001852232969746903,0.5743591780045438
2024-01-02,2024,False,2024-01-02 11:30:00,0.0005087939014252566,0.0005948861993930928,1.169208588638092,0.004401678779813789,0.0022421524663676085,1.5705740531138355
2024-01-03,2024,False,2024-01-03 11:30:00,0.0003203763674688627,0.0008945203367492124,2.7920921378077317,-0.000607348921955686,-0.0017218677200445676,0.5315277896367699
2024-01-04,2024,False,2024-01-04 11:30:00,0.0004888286803996408,0.0005724400765869664,1.1710443751356188,0.0053807106598984245,-0.002726446531354121,1.3851874110691127
2024-01-05,2024,False,2024-01-05 11:30:00,0.0006451067746970351,0.0005271589416501188,0.8171654093970586,-0.005480564295138546,-0.0026533319726502747,0.6995480602287668
2024-01-08,2024,False,2024-01-08 11:30:00,0.00044186145873468624,0.00042565138140698844,0.9633141180176317,-0.0033587786259542396,0.0002042483660131822,0.7327244049551809
2024-01-09,2024,False,2024-01-09 11:30:00,0.0005436874575425003,0.0003741653189116197,0.6881992838364697,0.0008168266285479842,0.0012242399510304924,0.5235827024165685
2024-01-10,2024,False,2024-01-10 11:30:00,0.0006283321547799203,0.0007127067786658614,1.1342834729117024,0.00030568575504386075,0.001120505246001935,1.062678773365251
2024-01-11,2024,False,2024-01-11 11:30:00,0.0009363532806776672,0.0008537434355933016,0.9117749178765322,-0.002756227031441405,0.0012283754734363495,0.8177753338771582
2024-01-12,2024,False,2024-01-12 11:30:00,0.0007203500478248174,0.0007730104977004918,1.0731039722072468,-0.006244241989968313,0.0009270704573547395,0.7398367628744494
2024-01-15,2024,False,2024-01-15 11:30:00,0.00017056231632495145,0.0002217271760306209,1.2999775144246477,0.0018455859735466706,0.001944529730836253,1.2003429012021645
2024-01-16,2024,False,2024-01-16 11:30:00,0.0004416067723028901,0.0006957871912999977,1.5755808899207049,-0.00142580710866691,0.004283528811830806,0.9985421962823683
2024-01-17,2024,False,2024-01-17 11:30:00,0.000470784467970405,0.000505145886357472,1.0729875786582388,0.0026326447954636567,-0.0012118763886083128,1.6182094052132823
2024-01-18,2024,False,2024-01-18 11:30:00,0.0005220999754807498,0.00013456969527366378,0.2577469863884823,0.005787389582698754,0.0019180294770846373,0.41412659475195346
2024-01-19,2024,False,2024-01-19 11:30:00,0.0003211133134740085,0.0003037530777469562,0.9459373529573153,0.0022332758095624516,0.00030385900941953814,0.5776076780123632
2024-01-22,2024,False,2024-01-22 11:30:00,0.0005383947657057556,0.0005208606320441141,0.9674325703396154,0.004350905595466914,-0.0013096917187185309,0.6084806687627363
2024-01-23,2024,False,2024-01-23 11:30:00,0.0005865123823462678,0.0009029947407811489,1.5396004721483183,-0.0017057997190447205,0.0016082018293295253,1.4351840231500945
2024-01-24,2024,False,2024-01-24 11:30:00,0.00016949037921104582,0.0008126904073025298,4.794905829377991,-0.0018272256623692584,0.0020339672531273223,2.0000256265251797
2024-01-25,2024,False,2024-01-25 11:30:00,0.00032141521462501305,0.0005074254554301808,1.57872257547665,-0.0012164216928535199,-0.001826854765046182,1.6999866095276648
2024-01-26,2024,False,2024-01-26 11:30:00,0.0005258902908126806,0.0004744718462384075,0.9022259100946436,0.0006100660904930777,-0.00010161568946243094,4.400090142443456
2024-01-29,2024,False,2024-01-29 11:30:00,0.0005932548127908777,0.00032109612634823037,0.5412448739146036,0.0013201990453945989,0.00010141987829603849,0.31988243943574574
2024-01-30,2024,False,2024-01-30 11:30:00,0.0002350576786014913,0.00036958981418065234,1.5723366978674294,0.00404981269616278,0.0033276192396893833,2.4015825690844954
2024-01-31,2024,False,2024-01-31 11:30:00,0.0006378305453595042,0.000992959584114143,1.556776468826019,-0.0022146164686933645,-0.00040355125100888234,1.716369441586887
2024-02-01,2024,False,2024-02-01 11:30:00,0.0005050437813422884,0.00038743013135494886,0.7671218727320036,-0.003722708521984086,-0.0022217733791153327,2.0009031982874808
2024-02-02,2024,False,2024-02-02 11:30:00,0.000302128397786298,0.0003192052385891375,1.0565217997644774,0.007715736040609045,0.003425347572032944,1.0770032426716825
2024-02-05,2024,False,2024-02-05 11:30:00,0.00018303716015449778,0.00024960563479307457,1.3636883056008287,0.0029040656919687713,0.002895656515227163,1.4025407227705209
2024-02-06,2024,False,2024-02-06 11:30:00,0.00035115215431254693,0.0007191662501547791,2.0480189038358487,0.0006015037593984918,-0.004708946999298691,2.1539389282043615
2024-02-07,2024,False,2024-02-07 11:30:00,0.00040215830675732755,0.0006877489169426765,1.7101447499322238,0.0006035003017501595,-0.0007036590269401399,0.7610766380876359
2024-02-08,2024,False,2024-02-08 11:30:00,0.0003341470011351359,0.0004343191100899535,1.2997845517527358,0.0,0.0004010427110487935,0.7604593838374671
2024-02-09,2024,False,2024-02-09 11:30:00,0.0005689258527687054,0.0006019264302650762,1.0580050587185867,-0.0016009605763458445,-0.0030066145520144527,0.9537808925736573
2024-02-15,2024,False,2024-02-15 11:30:00,0.00031833206826401933,0.0005531580953916926,1.7376763152021255,0.0007042962068619651,0.0013070581138145965,0.6153062017265118
2024-02-16,2024,False,2024-02-16 11:30:00,0.00038421377104051285,0.00021731026638353393,0.5655972866225557,0.002009040683073726,-0.003408521303258194,1.0002210901797934
2024-02-19,2024,False,2024-02-19 11:30:00,0.000268727478888231,0.00015110644470121373,0.5623036591805405,-0.00020147073637555302,0.001007556675062915,0.6000382519996337
2024-02-20,2024,False,2024-02-20 11:30:00,0.0003373307486327544,0.0003208649546516673,0.9511879837582992,-0.004538120209761964,0.0005065342923715743,1.6005087231523099
2024-02-21,2024,False,2024-02-21 11:30:00,0.0001351733832178903,0.00028726551593762545,2.1251633206115215,0.0010146103896104819,0.00010135819987833194,1.2135979257485676
2024-02-22,2024,False,2024-02-22 11:30:00,0.0003368399590923203,0.00038712213363887676,1.1492761567898637,0.0041573717298721835,-0.00030293850348384055,0.9996260593101959
2024-02-23,2024,False,2024-02-23 11:30:00,0.0005179986678358247,0.0005010707126649935,0.9673204658198148,0.0030178050497937647,0.001504362651689961,0.7892236998420393
2024-02-26,2024,False,2024-02-26 11:30:00,0.0005847501960761966,0.00035165449694620393,0.6013755947512006,-0.0011034206038720296,0.000903795942960528,0.43772238634701055
2024-02-27,2024,False,2024-02-27 11:30:00,0.0004195668888793043,0.0005711557336503525,1.3612983979168465,-0.0009057059474690821,-0.003626107977437565,0.833780257107024
2024-02-28,2024,False,2024-02-28 11:30:00,0.00033645920021078507,0.0006217602394057997,1.8479513682974908,0.0012119987880012673,0.0010087763542823147,2.228944655291075
2024-02-29,2024,False,2024-02-29 11:30:00,0.0007000673114642697,0.00041695689652759826,0.5955954373237138,0.0008010413537598016,-0.0036018009004502582,0.799937120088353
2024-03-01,2024,False,2024-03-01 11:30:00,0.0003518177792063611,0.0005696088462105638,1.6190450849172575,-0.0005026135906714968,-0.0015085990143819394,1.111178306632133
2024-03-04,2024,False,2024-03-04 11:30:00,0.0003699101366646529,0.00021841229798654402,0.590446912203838,-0.0015104219111872208,-0.0001008471157725177,1.2853498773255858
2024-03-05,2024,False,2024-03-05 11:30:00,0.0001343256667123612,0.00028536786906093364,2.1244478143704826,-0.0010065425264217387,-0.0012090680100755868,0.45484211015540466
2024-03-06,2024,False,2024-03-06 11:30:00,0.00021906117944921663,0.00026949810650276723,1.2302412831902196,-0.000505305709954551,0.0012133468149646554,1.2218030358549445
2024-03-07,2024,False,2024-03-07 11:30:00,0.00021896923171021987,0.00023586894174156456,1.0771784688622805,-0.0011111111111110628,0.0,0.46633161758353103
2024-03-08,2024,False,2024-03-08 11:30:00,0.0006171957700846035,0.0006518303635005643,1.0561160576509026,0.0042262024552224275,-0.0013026052104208041,2.832592702386116
2024-03-11,2024,True,2024-03-11 10:30:00,0.0003667701304241507,0.0003508522006782829,0.9565997107576357,-0.0014004201260378046,-0.002303916658319194,0.1052962495551024
2024-03-12,2024,True,2024-03-12 10:30:00,0.0009856022997891678,0.0006674895845753351,0.6772402872011553,0.002008032128514081,-0.0024048096192385016,2.112358637071238
2024-03-13,2024,True,2024-03-13 10:30:00,0.0001671028165597943,0.000350753315836468,2.099026952732171,0.0026130653266331905,-0.00100240577385724,0.3914736042977208
2024-03-14,2024,True,2024-03-14 10:30:00,0.0001676507859014927,0.0005859201204735931,3.4948844249251816,0.0012078510317061752,0.0018095908314064157,0.5998767092102834
2024-03-15,2024,True,2024-03-15 10:30:00,0.00048319843910134735,0.0002666400693243087,0.5518231180965858,0.00250450811460623,-0.002298391126211663,0.6247679923114713
2024-03-18,2024,True,2024-03-18 10:30:00,0.00021691028869465687,0.0007163993282389888,3.3027448008584748,0.00010013016922005846,0.003103724469363245,0.4374630332593531
2024-03-19,2024,True,2024-03-19 10:30:00,0.00029725208409690323,0.00041307623812477284,1.3896495944839575,-0.0012867465109372977,-0.002081268582755258,0.33351601579435003
2024-03-20,2024,True,2024-03-20 10:30:00,0.0004150496766113972,0.0002990712416545878,0.7205673405080191,-0.0002988940918601246,-0.00019932230416586094,1.1336451433406611
2024-03-21,2024,True,2024-03-21 10:30:00,0.0005698815235521404,0.00048546791861447947,0.8518751679971993,0.002113952083752757,0.0011049723756906271,1.3088140174806366
2024-03-22,2024,True,2024-03-22 10:30:00,0.0005001684726223717,0.00041736479548456124,0.8344484275394793,-0.0007000700070006749,-0.0024019215372297342,0.7770933437742247
2024-03-25,2024,True,2024-03-25 10:30:00,0.0006010172993772822,0.0005687881441148179,0.9463756612399392,-0.000601443464314344,-0.0007021063189568411,1.2512586823589205
2024-03-26,2024,True,2024-03-26 10:30:00,0.00013391755030676503,0.0003178662340405647,2.373596539904055,0.0020126798832644788,0.0013056141408054334,0.6254406273461247
2024-03-27,2024,True,2024-03-27 10:30:00,0.0003673647631221577,0.0003006162852277616,0.8183046263688589,0.0005013033888108254,0.0,0.7775682417047118
2024-03-28,2024,True,2024-03-28 10:30:00,0.00031565991638438096,0.0003992150961042995,1.2646999995342232,0.0005986828976252134,-0.0020941364180294686,0.7723703540688144
2024-04-01,2024,True,2024-04-01 10:30:00,0.0005611248632509946,0.0004615485753558339,0.8225416579863444,0.0009908838684107302,0.002474757473767575,1.890266298793965
2024-04-02,2024,True,2024-04-02 10:30:00,0.00036194333529030825,0.00044432421075372525,1.22760710705542,0.0020771513353115,-0.0016780179646629367,1.4280457406612206
2024-04-03,2024,True,2024-04-03 10:30:00,0.0004258386171363167,0.0004579238190982049,1.075345919018935,-0.0006870828425599163,0.0013751104999508712,0.8005643088790813
2024-04-04,2024,True,2024-04-04 10:30:00,0.0004124580656216792,0.0004794926137134022,1.1625245174698788,-0.0008914421553090079,-0.0017844750669178122,0.8325270949192003
2024-04-05,2024,True,2024-04-05 10:30:00,0.0005106331261543843,0.0005432083865067142,1.0637938642908984,0.0029738302934179117,-0.0008895038545166933,1.3512218949486543
2024-04-08,2024,True,2024-04-08 10:30:00,0.00024646570217568,0.0007737324558984016,3.139310861788337,-0.0012801575578532676,-0.004535594557286582,1.818992066110374
2024-04-09,2024,True,2024-04-09 10:30:00,0.00041508937237055843,0.00021586465433942603,0.5200437994994471,-0.0019884668920262527,-0.0007969715082686291,0.8748544000171072
2024-04-10,2024,True,2024-04-10 10:30:00,0.0007897843944285055,0.0006740433038252928,0.85345229480387,0.01057251147017757,9.869719699961976e-05,0.9703563156542314
2024-04-11,2024,True,2024-04-11 10:30:00,0.0004265982460197419,0.0006386501907129083,1.4970764569982624,-0.001962708537782132,0.002261553588987164,0.9567426557122045
2024-04-12,2024,True,2024-04-12 10:30:00,0.0005840902314993753,0.0004705317288576742,0.8055805481454579,0.0011697046495759977,0.0021419530717554647,1.0425914558445741
2024-04-15,2024,True,2024-04-15 10:30:00,0.000902434179082238,0.0008351994234579996,0.9254962221260112,0.008554486244775061,-0.0003855421686747018,0.6788614856285635
2024-04-16,2024,True,2024-04-16 10:30:00,0.0006826398302953544,0.0007915968892219793,1.1596113412829765,-0.0001902949571835899,0.004663113818043296,1.5613729673195291
2024-04-17,2024,True,2024-04-17 10:30:00,0.0004436855611126833,0.000985178737300992,2.2204435385058314,-0.0033197382149293686,-0.0022839741149600634,0.5402144438818434
2024-04-18,2024,True,2024-04-18 10:30:00,0.00038089800840475824,0.000841860394005652,2.210198991408366,-0.0016176610524312185,0.00028593213877248225,0.5339301539059582
2024-04-19,2024,True,2024-04-19 10:30:00,0.00044399144249520256,0.0004605702773848863,1.0373404379068925,-0.001521201749381973,-0.005332317653780283,1.1363569462177965
2024-04-22,2024,True,2024-04-22 10:30:00,0.0004953507424638182,0.0003194332145362762,0.6448626945575004,0.002979909641449563,-0.003929461376269927,0.654055295767584
2024-04-23,2024,True,2024-04-23 10:30:00,0.0003051899371816676,0.0010458232918065617,3.426794806750211,0.001255432158377534,-0.006558641975308643,0.8863792499562064
2024-04-24,2024,True,2024-04-24 10:30:00,0.0003394684284020455,0.00038781146263452043,1.1424080420675244,0.0027232056020229933,0.0025218234723569655,0.5204842936966605
2024-04-25,2024,True,2024-04-25 10:30:00,0.001271350562869385,0.0007402824119073226,0.5822803194710797,0.009353990061385486,-0.0018341538758567255,1.0755022281821418
2024-04-26,2024,True,2024-04-26 10:30:00,0.0005362274801533617,0.0006826672961889324,1.273092710566957,-0.004171921994760797,-0.002143413873733402,1.9999512148526046
2024-04-29,2024,True,2024-04-29 10:30:00,0.0006357992295233187,0.0002445562065286344,0.3846437604398906,0.0009794319294809117,0.0008806262230920403,1.0501624277502226
2024-04-30,2024,True,2024-04-30 10:30:00,0.0006770607801606284,0.0006278903889331833,0.9273766954633235,0.005241700640652214,0.0015449980687525233,1.5266295287192704
2024-05-02,2024,True,2024-05-02 10:30:00,0.0005829803945362477,0.0006329943672681951,1.0857901452616305,-0.002134885977680745,-0.0032091802003306746,0.4709770388681266
2024-05-03,2024,True,2024-05-03 10:30:00,0.00029592292709124113,0.0004760693990771836,1.6087614560881873,-0.00995316159250581,0.004041001379854192,1.5837664729587506
2024-05-06,2024,True,2024-05-06 10:30:00,0.0004903693299963726,0.0004417750346784414,0.9009026618400244,0.0010800196367206638,-0.0023538642604943316,1.3571453909698692
2024-05-07,2024,True,2024-05-07 10:30:00,0.0003780456579868807,0.0003778496319419844,0.9994814752113801,-0.004613723372926315,0.0006903353057199357,1.7989823261300286
2024-05-08,2024,True,2024-05-08 10:30:00,0.0005214795452676187,0.0004732805451935773,0.9075725970242876,0.000979048364989188,-0.003423317683881044,0.8000823784890809
2024-05-09,2024,True,2024-05-09 10:30:00,0.0005327646707212012,0.00041853048681691113,0.7855822839197432,0.003005914864733894,-0.0004833720030935629,2.0013444804171483
2024-05-10,2024,True,2024-05-10 10:30:00,0.0004208473390823568,0.00043726273615890543,1.0390055859978629,0.0027282471012375353,0.002429307161597505,1.5835940576085092
2024-05-13,2024,True,2024-05-13 10:30:00,0.000145983824502501,0.0005191366863287287,3.5561247151723636,-0.0027166003686814877,0.0015565716509386984,0.7336551187382195
2024-05-14,2024,True,2024-05-14 10:30:00,0.0006803291911748333,0.0005509185722720189,0.809782351571097,-9.722897423436461e-05,0.000388953714507867,1.0830218379804686
2024-05-15,2024,True,2024-05-15 10:30:00,0.00038828986439596685,0.0010667713528798954,2.747358225637414,-0.003483646216373093,0.0021363371528451136,1.1286323544480106
2024-05-16,2024,True,2024-05-16 10:30:00,0.00019507596310127293,0.0005522154261196436,2.830771240806142,0.0009766578767458345,0.000682993462776782,0.9323056789391408
2024-05-17,2024,True,2024-05-17 10:30:00,0.00030901770474267565,0.0003086990420744969,0.9989687883144297,-0.002043994549347894,-0.002145713449722031,1.0000698452804284
2024-05-20,2024,True,2024-05-20 10:30:00,0.0006173997614933683,0.000585411950140946,0.9481894659708808,-0.0003900536323744319,-0.004097161252560766,1.641613771879471
2024-05-21,2024,True,2024-05-21 10:30:00,0.0006698232253181854,0.0006863679004863362,1.024700061960813,-0.0004901960784313708,9.808729769500424e-05,0.7062439438870514
2024-05-22,2024,True,2024-05-22 10:30:00,0.0002751280569991595,0.0001779809638329799,0.6469022671632636,0.0010688951511028666,0.001553096486119232,1.7980910350451624
2024-05-23,2024,True,2024-05-23 10:30:00,0.0005676658870770734,0.0005843305156995234,1.029356403126946,-0.0004868075163080299,0.003701539060978032,1.2497516079712967
2024-05-24,2024,True,2024-05-24 10:30:00,0.0004047587669143704,0.0003883009679340188,0.9593392402447125,0.0022393145750170262,0.0,1.071752292799457
2024-05-27,2024,True,2024-05-27 10:30:00,0.000290678909445415,0.0004198888422066542,1.4445108625450611,-0.0001938360147315521,0.003586661496704169,1.4599555937755222
2024-05-28,2024,True,2024-05-28 10:30:00,0.0002754632329767988,0.00043773863860563367,1.5891000547521443,-0.0018455560951918804,0.003211366290385431,1.998876560827654
2024-05-29,2024,True,2024-05-29 10:30:00,0.0006103506289633446,0.00038507678676012275,0.6309107724098848,0.002606177606177651,0.0,0.4802303455243996
2024-05-31,2024,True,2024-05-31 10:30:00,0.0008432553407597965,0.0005404897893911964,0.6409562599439929,0.003448936577888473,0.004200878365476335,1.1865356117678558
2024-06-03,2024,True,2024-06-03 10:30:00,0.0007290797838979864,0.0006166024008262087,0.845726921036785,0.0027584894892038747,-0.006640106241699861,0.5818982987757381
2024-06-04,2024,True,2024-06-04 10:30:00,0.00041059585832335194,0.0007265117629943566,1.7694084055329535,0.0014222053664549872,-0.0009467903806097411,0.8760803830922346
2024-06-05,2024,True,2024-06-05 10:30:00,0.0006145547937578081,0.0005512626524059964,0.8970113942732424,0.001135503406510141,0.0022684310018903364,1.691133662252212
2024-06-06,2024,True,2024-06-06 10:30:00,0.0005824293547671925,0.0007259104041916024,1.2463492752383023,-0.0037689625930462656,-0.0011349664239099777,1.354259071021144
2024-06-07,2024,True,2024-06-07 10:30:00,0.0005977220811043867,0.00028361049129995336,0.47448555150570615,0.005706134094151105,-0.001985815602836838,1.7486524003868107
2024-06-10,2024,True,2024-06-10 10:30:00,0.0009141858988072812,0.0005726777956521582,0.6264347288656702,0.009928812289246913,-0.0015767019105917823,0.645129454577911
2024-06-11,2024,True,2024-06-11 10:30:00,0.0006218094833442452,0.0003262447492133151,0.5246699478732458,-0.0006521941675207144,-0.0020510908073839706,0.3565984154436876
2024-06-12,2024,True,2024-06-12 10:30:00,0.0009489634519148823,0.0025505719499910873,2.6877451864393422,-0.0036194895591646903,0.007544709388971782,1.2926616193201195
2024-06-13,2024,True,2024-06-13 10:30:00,0.000600674082355146,0.0006314669506984524,1.0512638538066643,0.0009243852837863553,0.0008311784263022037,0.49935765906180574
2024-06-14,2024,True,2024-06-14 10:30:00,0.0006204121507986474,0.0006660760546645291,1.0736025298780807,0.0027945971122496083,-0.0026010218300046573,1.1294713398598775
2024-06-17,2024,True,2024-06-17 10:30:00,0.0003541157627856932,0.000200141174215962,0.5651857252598077,0.0016649708630098736,0.0012928248222365823,0.12489545253991031
2024-06-18,2024,True,2024-06-18 10:30:00,0.0005532335220816605,0.0006156215967415372,1.1127698741484935,-0.002024664089821493,-0.0023976392475101305,0.46676658869570875
2024-06-19,2024,True,2024-06-19 10:30:00,0.0005797437891329286,0.00035040036252742546,0.6044055479257281,0.003579623680587396,0.00018291567587347402,0.41642623574144205
2024-06-20,2024,True,2024-06-20 10:30:00,0.0006465932049611692,0.0005845740622788346,0.9040832130519232,0.0019403122978840504,-0.0007377351530800658,0.8163406648281523
2024-06-21,2024,True,2024-06-21 10:30:00,0.0005965858444964925,0.0005509320415471771,0.9234748806555302,0.0,-0.0025690430314707635,0.7818702724635478
2024-06-24,2024,True,2024-06-24 10:30:00,0.0006625596093461547,0.0005256350819631272,0.7933400626124024,-0.004335793357933548,-0.0018530529046604238,1.5310559894636009
2024-06-25,2024,True,2024-06-25 10:30:00,0.00044615361927045444,0.0006148948742665435,1.378213350083348,0.001386962552011095,0.0031394275161589213,1.2181476270546772
2024-06-26,2024,True,2024-06-26 10:30:00,0.00036269265593323147,0.00046837022587401894,1.291369478295259,0.003272132339574574,-0.0031708642870085235,0.38907081947821265
2024-06-27,2024,True,2024-06-27 10:30:00,0.00045378531558615265,0.00042288732567672777,0.9319105558329623,0.004918480735950359,0.00045318589685483524,0.5417738019207629
2024-06-28,2024,True,2024-06-28 10:30:00,0.0008982897952902006,0.0008807971676678868,0.9805267434696143,0.008681497558328921,0.002779272010041245,2.5393969790811775
2024-07-01,2024,True,2024-07-01 10:30:00,0.0006836909561554102,0.0004768757771582144,0.6975019529873896,-0.0008039303260384267,0.0023243339889147396,1.7362325478382283
2024-07-02,2024,True,2024-07-02 10:30:00,0.0008816521229723836,0.0005278559005748584,0.598712220864683,0.006546355272469828,0.0014062225347162283,1.3040057315120985
2024-07-03,2024,True,2024-07-03 10:30:00,0.0005474109385975034,0.0009205555340036827,1.6816535240640167,-0.006274856385329208,-0.004180007114905737,0.6038514799945874
2024-07-04,2024,True,2024-07-04 10:30:00,0.0006530712482230768,0.0005614380717423595,0.859688852127483,-0.002903284340410095,0.0007279344858963643,0.567262925560053
2024-07-05,2024,True,2024-07-05 10:30:00,0.0004683428235655966,0.0007987229195162334,1.70542363270431,0.0028161337209302584,0.0006341154090043766,1.3934425946068048
2024-07-08,2024,True,2024-07-08 10:30:00,0.0005611923382676428,0.0006965211610229597,1.2411451716769093,0.0021847974510695867,0.0003633390862021191,0.9996839778174299
2024-07-09,2024,True,2024-07-09 10:30:00,0.0008087270243309167,0.0007174099155645522,0.8870853748928277,-0.003650967506389158,-0.0008244778307072709,0.6672137943891524
2024-07-10,2024,True,2024-07-10 10:30:00,0.00040177692717254426,0.0006014252294626229,1.49691330882308,0.0006488089721012891,0.0024082993701370903,0.7266022790730203
2024-07-11,2024,True,2024-07-11 10:30:00,0.001433423021135194,0.0009064641774363021,0.6323772983068399,0.00036910584109994815,0.0034129692832765013,0.9698611869178502
2024-07-12,2024,True,2024-07-12 10:30:00,0.000978174644936695,0.0007775415080850298,0.7948902704745023,0.005704296623424421,-0.0002744488152959246,1.3507432067865275
2024-07-15,2024,True,2024-07-15 10:30:00,0.000684931777519234,0.0007156939279087116,1.044912721820114,-0.000914076782449702,0.002104300091491318,0.6467780740700201
2024-07-16,2024,True,2024-07-16 10:30:00,0.0007050804549863324,0.00023056919211574453,0.32701118075980984,-0.0019324560596301055,0.0011063986723216512,1.7523479558914763
2024-07-17,2024,True,2024-07-17 10:30:00,0.0005332633582223837,0.0008063973713368829,1.5121934760809044,0.0040304112851516916,-0.0010947906212936953,1.7083859498446352
2024-07-18,2024,True,2024-07-18 10:30:00,0.0004056030714519691,0.00033036425779055706,0.8145013710274092,0.005251720391162618,0.0008106647450909499,0.6314594125196166
2024-07-19,2024,True,2024-07-19 10:30:00,0.0009897446657432345,0.0005409237175214762,0.546528550487592,-0.0013497705390084214,0.0012614885564967704,2.1995349266718494
2024-07-22,2024,True,2024-07-22 10:30:00,0.0003736720893499079,0.0005382386948507567,1.4404037930345608,-0.0017916330735465724,-0.001525621466391458,0.3998709390843483
2024-07-23,2024,True,2024-07-23 10:30:00,0.0008329568667403605,0.0005806752009659596,0.6971251743662746,-0.001874163319946498,-0.002324749642346191,0.9426335391026687
2024-07-24,2024,True,2024-07-24 10:30:00,0.0007242813738452444,0.0004723816723135599,0.6522074008415584,0.0030179300550328136,-0.0037168141592920367,0.8117377682889139
2024-07-25,2024,True,2024-07-25 10:30:00,0.0003100978501475356,0.001077216604775555,3.473795784985437,-0.004060734463276816,0.002038645630207503,0.8323879573069165
2024-07-26,2024,True,2024-07-26 10:30:00,0.0005473056661357556,0.0006197173140962131,1.1323056793322075,-0.0008848774444739638,-8.85661146045047e-05,0.71358289787401
2024-07-29,2024,True,2024-07-29 10:30:00,0.0005905037411771952,0.0005167953244401557,0.8751770537641329,0.0011531979065022568,0.0028353712564239686,1.5656774598061998
2024-07-30,2024,True,2024-07-30 10:30:00,0.0005302463430506185,0.000530859057321457,1.0011555275748125,0.0028401526582053638,0.0004425170369060094,0.6958049846997689
2024-07-31,2024,True,2024-07-31 10:30:00,0.0011275739136539786,0.001057818461662326,0.9381366922851156,0.0022041967906893944,-0.005366411542183536,1.4158922874094608
2024-08-01,2024,True,2024-08-01 10:30:00,0.0004986407065092161,0.0007204488320766514,1.444825548078947,-0.002988222886271763,-0.0014985895627644963,1.7607757997587696
2024-08-02,2024,True,2024-08-02 10:30:00,0.0017830406532653813,0.0016821409433657175,0.9434114361246444,-0.00743815948797788,-0.0003485535029627007,0.8176502075745252
2024-08-05,2024,True,2024-08-05 10:30:00,0.0010074785207822567,0.0011494040906279885,1.140872055252884,-0.006088149545532495,0.0019842981623674483,0.4669163519917694
2024-08-06,2024,True,2024-08-06 10:30:00,0.0011154548572540797,0.0007618897055743368,0.6830305149684713,-0.00035180299032544493,-0.0008798169980643866,0.38022118159533097
2024-08-07,2024,True,2024-08-07 10:30:00,0.0007401762456096436,0.0003856004782822516,0.5209576510587057,-0.004782993799822832,0.0033819864720541215,0.6565661603281471
2024-08-08,2024,True,2024-08-08 10:30:00,0.0008992170297038212,0.0012241706949348747,1.36137401149763,-0.002826355767532207,-0.003808680248007068,1.8357168455617725
2024-08-09,2024,True,2024-08-09 10:30:00,0.0004977555210268214,0.0009187504891903416,1.8457866369719986,-0.0026185101580135095,-0.0006337135614702394,0.700262251046018
2024-08-12,2024,True,2024-08-12 10:30:00,0.0008038649342863949,0.0006816434182155828,0.8479576470401582,-0.0001816860465115866,-0.0011811739051426073,1.8058034518750097
2024-08-13,2024,True,2024-08-13 10:30:00,0.0006359414755780132,0.0007876988158650825,1.2386341292634446,0.0030979498861047894,-0.0003633390862022301,0.8588186707454761
2024-08-14,2024,True,2024-08-14 10:30:00,0.0006104858383837083,0.0007471907468311797,1.2239280583631629,0.0030247479376719344,-0.0039294526181120615,0.34055755639671276
2024-08-15,2024,True,2024-08-15 10:30:00,0.0007446714539182849,0.0007601684328486883,1.0208104914574903,0.004390779363337094,-0.0036429872495445936,1.9179759665751892
2024-08-16,2024,True,2024-08-16 10:30:00,0.00038214675056896796,0.000503354488768167,1.3171758964814855,-0.0009150805270863316,0.0037552665323319356,1.1569342960852436
2024-08-19,2024,True,2024-08-19 10:30:00,0.0006106312417685592,0.0006729809980960769,1.1021070526082737,-0.004382360996987078,-0.004493351673544255,1.0006987570798993
2024-08-20,2024,True,2024-08-20 10:30:00,0.0007338907313000539,0.001053782800648162,1.4358851470728264,0.00018320051296139006,0.002106420001831699,0.24235201301936923
2024-08-21,2024,True,2024-08-21 10:30:00,0.001080043789390639,0.00039599136946081676,0.36664380958501247,-0.0025524156791248975,0.0018278194114420554,0.6664090824395025
2024-08-22,2024,True,2024-08-22 10:30:00,0.0008249362072162055,0.0009616974261124437,1.1657839935984222,0.005154639175257714,0.0008097165991902688,1.5315909571976989
2024-08-23,2024,True,2024-08-23 10:30:00,0.0008235962931279669,0.000689085036288469,0.8366781662789755,-0.0026020637056975993,-0.009805685498380678,1.221718089545541
2024-08-26,2024,True,2024-08-26 10:30:00,0.0006063383528556177,0.0010771647802692204,1.7765077455453602,0.003464308505789049,-0.00154447169982741,0.8676518768164744
2024-08-27,2024,True,2024-08-27 10:30:00,0.0009547746668324142,0.000621256605990624,0.6506840069937355,0.001000272801673141,-0.0029069767441860517,2.6080536866852433
2024-08-28,2024,True,2024-08-28 10:30:00,0.0010686717141852136,0.0007382585681652473,0.690818853316537,-9.030160736855919e-05,-0.00279960263704504,0.7500800162668988
2024-08-29,2024,True,2024-08-29 10:30:00,0.0009646920125837566,0.0007098889916551943,0.735871119896476,0.010942685442640654,0.003016591251885359,2.170012761045697
2024-08-30,2024,True,2024-08-30 10:30:00,0.002169330462199489,0.0015985722523362462,0.7368966048240757,0.01298701298701288,-0.004654021777309447,0.8456525885275012
2024-09-02,2024,True,2024-09-02 10:30:00,0.0010184612008272327,0.0010882446213709707,1.0685184869949462,0.0052342086586232295,-0.0008825346394846223,1.0019232091501762
2024-09-03,2024,True,2024-09-03 10:30:00,0.0006093566787565378,0.0010223699397829966,1.6777857294831984,0.00026733202637685416,0.005612472160356319,1.50012167512257
2024-09-04,2024,True,2024-09-04 10:30:00,0.00047152936000401563,0.0003830051524851645,0.8122615153421258,0.000707588890854316,-0.0022980378292380976,0.5003914213328801
2024-09-05,2024,True,2024-09-05 10:30:00,0.000799575343910582,0.0007559801341517347,0.9454770459208623,-0.001244555071561959,0.002670226969292422,1.0500235871509178
2024-09-06,2024,True,2024-09-06 10:30:00,0.0014383631525779113,0.0006589935896938089,0.4581552221445088,-0.004029369627507218,0.004135574934819752,0.9255201730561233
2024-09-09,2024,True,2024-09-09 10:30:00,0.0007686146895986012,0.0006800967040397158,0.8848343822245802,-0.0026569834381365842,-0.0013320309031169542,0.9180880769979665
2024-09-10,2024,True,2024-09-10 10:30:00,0.0007420153158204287,0.0005783974382583638,0.7794952825452713,0.003930326038410037,0.0016905418631549818,0.6288338139331464
2024-09-11,2024,True,2024-09-11 10:30:00,0.0010065031323932179,0.0008421700438315435,0.8367286864066379,-0.0007977308987767717,0.005499866938703191,0.8902225831231569
2024-09-12,2024,True,2024-09-12 10:30:00,0.0005891784040154743,0.000881845102941777,1.4967369763244345,0.0018551236749115851,-0.0007054051670928319,0.8333258699060535
2024-09-13,2024,True,2024-09-13 10:30:00,0.0014549175126807867,0.0010277234502563497,0.7063791873414856,-0.0006242197253433224,-0.00410457749620774,1.2850712059524612
2024-09-16,2024,True,2024-09-16 10:30:00,0.0012750751564267377,0.0007392296735904876,0.5797538049930328,-0.00744995960865269,-0.0005425935973955021,1.100277568823783
2024-09-17,2024,True,2024-09-17 10:30:00,0.0010887090506038755,0.00043882309018764926,0.40306736675353877,-0.0005446623093682268,0.0008174386920980492,2.001544933452371
2024-09-18,2024,True,2024-09-18 10:30:00,0.0007287654757706282,0.0008061585648698929,1.1061975239941573,-0.002092811646951742,-0.0006382784717789969,1.4011083805200883
2024-09-19,2024,True,2024-09-19 10:30:00,0.0013031482410557256,0.0006602791734274249,0.5066800173804554,9.214891264286429e-05,0.0007371233760251616,0.7235511688465454
2024-09-20,2024,True,2024-09-20 10:30:00,0.0008705205198499266,0.0009578955834189107,1.1003710556806254,0.0070902394106813205,0.0027429825363445293,2.00080324688147
2024-09-23,2024,True,2024-09-23 10:30:00,0.000704598737068037,0.0007945617154459517,1.1276797326550243,-0.0011672802370477076,-0.001797914419273683,0.6905226459313792
2024-09-24,2024,True,2024-09-24 10:30:00,0.0007305070167890245,0.0006564113491739354,0.8985695333348338,-0.007720955581796751,-0.001006957158550037,0.8738959699638698
2024-09-25,2024,True,2024-09-25 10:30:00,0.0007313312903287997,0.00028937831062412583,0.39568703602716637,0.0009149130832570851,0.003473491773309023,1.8570861415074267
2024-09-26,2024,True,2024-09-26 10:30:00,0.000490008934952361,0.0008275428079662639,1.688832078228774,0.0024880206413564476,0.00027576063976475496,0.4593253900965769
2024-09-27,2024,True,2024-09-27 10:30:00,0.0005964513259874016,0.0005665023931183955,0.9497881359900964,-0.0007346189164371131,0.0,1.172555368376668
2024-09-30,2024,True,2024-09-30 10:30:00,0.000855684997488948,0.0008522287080493333,0.9959607922895021,0.005426285293847144,0.0013721185510429112,0.4327894860891326
2024-10-01,2024,True,2024-10-01 10:30:00,0.0004430452800834502,0.0009447641042793312,2.132432387275132,-0.0005492996429552477,0.005221214619400838,0.6739797425307826
2024-10-02,2024,True,2024-10-02 10:30:00,0.0007198382415956606,0.0002903950988312383,0.40341715964898095,0.002389925544627358,-0.0011004126547454751,0.7336198706714167
2024-10-03,2024,True,2024-10-03 10:30:00,0.0009254855760280067,0.0007116823373403136,0.7689826354665704,0.003918709559828759,0.0023602033405953904,0.8454647511157325
2024-10-04,2024,True,2024-10-04 10:30:00,0.0010420824942899976,0.0003336670626477023,0.32019256102660065,-0.00254106543243493,-0.0011827859157492737,1.7145297923785576
2024-10-07,2024,True,2024-10-07 10:30:00,0.0008391709917539014,0.0007156611824126561,0.8528192578688822,0.006059493206022726,-0.0020989231611607817,0.8572263845834653
2024-10-08,2024,True,2024-10-08 10:30:00,0.0008754731539589907,0.00033195210866362085,0.3791688039347581,-0.0011755131567049437,0.003711750860039942,0.5282060790827816
2024-10-09,2024,True,2024-10-09 10:30:00,0.0006719646799580777,0.0003278787218264356,0.4879404105687388,0.004397774187758108,-0.0007148601554820555,2.500104215704082
2024-10-10,2024,True,2024-10-10 10:30:00,0.000849799406294649,0.0009375551160790696,1.1032663816124075,-0.0021409455842997804,-0.0006257822277847547,0.5004553565431997
2024-10-11,2024,True,2024-10-11 10:30:00,0.0010828356728284823,0.0011065983634844419,1.0219448723866742,0.010480114654245698,0.0005318677422214702,0.7319040942576387
2024-10-14,2024,True,2024-10-14 10:30:00,0.00047269575362466715,0.0011118924143225055,2.352236942677038,-0.004859945215162975,-0.00195347185224648,1.3698773807769777
2024-10-15,2024,True,2024-10-15 10:30:00,0.0007397564053050846,0.00042773002127634757,0.578203876585491,0.005251913833006938,0.0014168068715132431,1.0871258780214903
2024-10-16,2024,True,2024-10-16 10:30:00,0.0008044506880369543,0.00040974960457244397,0.5093532899727238,0.007958967102935866,-0.0033339182312686066,0.4050809635694212
2024-10-17,2024,True,2024-10-17 10:30:00,0.0006588620334215441,0.0006891595727998578,1.0459846490485651,-0.0011427566807313827,0.0,0.999994530719075
2024-10-18,2024,True,2024-10-18 10:30:00,0.0007506874140746911,0.00048501949853063664,0.6461004799560669,0.002389380530973373,0.0030899620376092507,1.28477514660992
2024-10-21,2024,True,2024-10-21 10:30:00,0.0005530229822208929,0.0006252270679184546,1.1305625408325641,0.0001743983257760373,-0.004097646033129898,1.0717665427883076
2024-10-22,2024,True,2024-10-22 10:30:00,0.0007738304540935714,0.0009516022540476676,1.229729650744141,-0.0037636761487964687,0.003162888771744754,0.6658064310533921
2024-10-23,2024,True,2024-10-23 10:30:00,0.0005825831021542364,0.0004953392952108208,0.8502465886483639,-0.001571229050279288,0.0026228361601678962,1.1602838633921144
2024-10-24,2024,True,2024-10-24 10:30:00,0.0009479940850295095,0.0004080477677734784,0.4304328204334487,0.0016631652661065477,-0.001310845058114185,0.9844280677682024
2024-10-25,2024,True,2024-10-25 10:30:00,0.00046815219743869446,0.0005848211366229853,1.2492115594513873,0.0015815833406553903,-0.0021931748398982265,1.8438232026377945
2024-10-28,2024,True,2024-10-28 10:30:00,0.00040972527726509017,0.0003509080085979018,0.8564470587223889,-0.0013139453398738343,0.001403385667923862,0.8413118178626364
2024-10-29,2024,True,2024-10-29 10:30:00,0.0008893858958098725,0.000320651724536658,0.360531605062922,-0.003225806451612856,-0.001836788244555243,0.51776598385434
2024-10-30,2024,True,2024-10-30 10:30:00,0.0003602401106228374,0.00043217591953357654,1.1996885043877143,0.0007780755597821543,-0.002850725639253593,1.2815969251658785
2024-10-31,2024,True,2024-10-31 10:30:00,0.0011095763273740917,0.00047473080715080645,0.42784871616204895,0.0014690632561356054,-8.628872206406513e-05,1.4614614594459496
2024-11-01,2024,True,2024-11-01 10:30:00,0.001121085798970985,0.0009168486422547381,0.8178220106759796,0.0007740603767094623,0.004211069095909181,4.266306405576923
2024-11-04,2024,False,2024-11-04 11:30:00,0.0005878116826166605,0.000546220280931542,0.9292436626982757,-0.004290004290004257,-0.0012063765618267608,7.500378592743352
2024-11-05,2024,False,2024-11-05 11:30:00,0.0010057904634565573,0.0005023801370490077,0.4994878707862265,0.00034426370599871525,-0.0018067624537554394,0.4045173804525029
2024-11-06,2024,False,2024-11-06 11:30:00,0.0007203546878187065,0.000977340516458684,1.3567490195949883,-0.00991114149008887,-0.007680358992060765,0.8193723813868915
2024-11-07,2024,False,2024-11-07 11:30:00,0.001105059105925325,0.0013081846037366063,1.183814147788225,-0.005177255177255202,-0.0006174472964629585,0.9429146439744628
2024-11-08,2024,False,2024-11-08 11:30:00,0.0005203905257239091,0.0007365585316435422,1.4153957369206989,0.0008688097306690512,0.004513888888888928,0.5169716472983383
2024-11-11,2024,False,2024-11-11 11:30:00,0.0004738720675199389,0.0008769674112867332,1.8506417056325724,0.0005181347150258198,0.00034524426031423694,0.7309193375422911
2024-11-12,2024,False,2024-11-12 11:30:00,0.0007484034046756719,0.0007639068065735296,1.020715301134388,-0.0010351966873706209,-0.0003454231433506205,1.1049382919839321
2024-11-13,2024,False,2024-11-13 11:30:00,0.0009828178243762031,0.0005328023937133016,0.5421171457197295,0.0032098551227552896,0.004496713939813324,0.5277372467549107
2024-11-14,2024,False,2024-11-14 11:30:00,0.0006330982098322427,0.0006042731889538225,0.9544699061997692,-0.00395392814165374,-0.002761477390403888,1.8373441317725818
2024-11-18,2024,False,2024-11-18 11:30:00,0.00037534165749793697,0.0007237092461786129,1.9281346254048304,-0.0038026099732089147,-0.0007807755703999053,0.5115191419729156
2024-11-19,2024,False,2024-11-19 11:30:00,0.0009822688183957113,0.0005769072599112376,0.5873211580242059,0.0026886383347788367,0.0015569587405934726,1.3141947975548722
2024-11-21,2024,False,2024-11-21 11:30:00,0.0004722738717954737,0.00022901270451467873,0.48491504229108956,0.001031370863773029,-0.0018030394092899416,0.7361077637034543
2024-11-22,2024,False,2024-11-22 11:30:00,0.0007577694235290829,0.0003288451786813325,0.4339646975327074,0.0033583053474555147,-0.0009440439409543755,0.6036007746845967
2024-11-25,2024,False,2024-11-25 11:30:00,0.0007482301942415837,0.00031667277365917307,0.42322907588640807,-0.0031869078380706295,0.0015553443359543895,1.538241407927936
2024-11-26,2024,False,2024-11-26 11:30:00,0.0003875066975371766,0.00020095395201589575,0.5185818807599232,0.003889032927145486,-0.0011191460055096636,1.0409555007633517
2024-11-27,2024,False,2024-11-27 11:30:00,0.00044370949824706907,0.0003150463355917806,0.7100283785594207,0.0004296640027499077,0.002920460401992786,1.026234609286297
2024-11-28,2024,False,2024-11-28 11:30:00,0.000570293212718694,0.0005286241200344784,0.9269339144234748,0.006381192275398906,0.0005005840146838914,0.667710044756848
2024-11-29,2024,False,2024-11-29 11:30:00,0.0010359890334858401,0.0011893348035350582,1.1480187194001932,0.007103915413844364,-0.011482939632545985,0.49231905193041814
2024-12-02,2024,False,2024-12-02 11:30:00,0.0007251859236968028,0.0005744747092686723,0.7921757586525601,0.009273058453386218,-0.0004922067268252617,1.113331129557412
2024-12-03,2024,False,2024-12-03 11:30:00,0.0007796394899872902,0.0005870223282858725,0.7529407319983782,0.006100074190091398,-0.0016386726751331793,1.7352680399382945
2024-12-04,2024,False,2024-12-04 11:30:00,0.0006445970378435306,0.0005076959877796291,0.7876176246141348,-0.0019723865877712132,-0.0014822134387352248,0.9716320585663079
2024-12-05,2024,False,2024-12-05 11:30:00,0.0009720672716559223,0.0005563349232775757,0.572321422086206,-0.007199007033512617,-0.0002500416736123112,1.0836561445805326
2024-12-06,2024,False,2024-12-06 11:30:00,0.0006497475658220157,0.0005649788627212771,0.8695359435575644,0.001491424310216205,0.005543145528253524,0.6467100808612117
2024-12-09,2024,False,2024-12-09 11:30:00,0.000617060665457155,0.0008107576572182565,1.3139026721426157,0.002145214521452221,0.0022229540589493446,0.7904950968791572
2024-12-10,2024,False,2024-12-10 11:30:00,0.00046741071657533756,0.0008127048931888906,1.7387382538925984,-0.002716049382716079,0.0004951720722952135,1.268970959522446
2024-12-11,2024,False,2024-12-11 11:30:00,0.0005523284678623693,0.00045559535399912016,0.8248630670122306,-0.005114667546609497,0.0038971807628525035,0.15375477845876456
2024-12-12,2024,False,2024-12-12 11:30:00,0.0008703800163617492,0.0007988615209068758,0.9178307243842455,0.00609601219202438,0.005554152991668726,0.8713603543094213
2024-12-13,2024,False,2024-12-13 11:30:00,0.0003455475103988914,0.000967488021707652,2.7998697504456276,0.0008307027745473317,0.004150066401062524,3.1516313914342984
2024-12-16,2024,False,2024-12-16 11:30:00,0.0009758667778801966,0.0008089581487149,0.8289637141579306,-0.0019680196801967753,-0.000985950209514419,0.4536471915794913
2024-12-17,2024,False,2024-12-17 11:30:00,0.0008240415750151072,0.000458020447517804,0.5558220136033878,0.005940755208333259,0.00048539762155175303,1.253516758686422
2024-12-18,2024,False,2024-12-18 11:30:00,0.0010939519525108854,0.0008265937037099843,0.7556032984929101,0.003832979938019898,0.003655861564708651,0.8192180852728428
2024-12-19,2024,False,2024-12-19 11:30:00,0.002520245860618738,0.001025327649379737,0.4068363588654052,-0.014503147661168225,-0.0026683916875556157,2.26771651727882
2024-12-20,2024,False,2024-12-20 11:30:00,0.0009020164015965578,0.0005466923670723323,0.6060780780756243,0.0035388033906673666,-0.00131212071510578,1.441343603657091
2024-12-23,2024,False,2024-12-23 11:30:00,0.0007571087201564223,0.0005951932266844243,0.7861397060140247,0.0011383039271486428,0.002842524161455362,1.1188733632847967
2024-12-26,2024,False,2024-12-26 11:30:00,0.0007280240346925019,0.0005797723086369647,0.7963642421253925,0.003160709944079798,-0.003473905315882986,0.999384633006146
2024-12-27,2024,False,2024-12-27 11:30:00,0.00020125368978043032,0.000672090353516471,3.339518168584774,0.00169423154497772,0.0003221649484537181,1.2056719738967763
2024-12-30,2024,False,2024-12-30 11:30:00,0.0004966970598085559,0.00045623284265540925,0.9185334071259794,-0.0019286403085824189,0.0034621578099838235,0.8527292604720653
